Province_State,Country_Region,GDP_region,TRUE POPULATION,pct_in_largest_city, TFR , Avg_age ,latitude,longitude,abs_latitude,temperature,humidity,Personality_pdi,Personality_idv,Personality_mas,Personality_uai,Personality_ltowvs,Personality_assertive,personality_perform,personality_agreeableness,murder,High_rises,max_high_rises,AIR_CITIES,AIR_AVG,continent_gdp_pc,continent_happiness,continent_generosity,continent_corruption,continent_Life_expectancy
,Italy, 7.5 ," 60,461,826 ",4.382%,1.3,47,43.00,12.00,43.00,13.3,75.9,50,76,70,75,61,4.12,3.66,46.52,-0.4,196,196,96,14.9,10.69,6.90,0.04,0.53,72.86
Hubei,China, 6.2 ," 59,020,000 ",14.117%,1.7,38,30.98,112.27,30.98,15.2,66.1,80,20,66,30,87,3.77,4.37,43,-0.5,7895,1764,390,37.8,10.32,5.71,-0.05,0.70,71.09
,Spain, 7.1 ," 46,754,778 ",6.213%,1.3,45,40.00,-4.00,40.00,16.0,72.4,57,51,42,86,48,4.39,4,45.26,-0.5,2889,1142,67,9.1,10.69,6.90,0.04,0.53,72.86
,Germany, 8.2 ," 83,783,942 ",3.926%,1.6,46,51.00,9.00,51.00,7.9,81.9,35,67,66,65,83,3,0,45.08,0.2,624,326,142,13.0,10.69,6.90,0.04,0.53,72.86
New York,US, 7.0 ," 19,453,561 ",42.024%,1.8,38,42.17,-74.95,42.17,1.8,83.2,40,91,62,46,26,4.5,4.45,50,1.1,16811,6443,723,8.5,10.71,7.17,0.16,0.43,72.18
,France, 7.2 ," 36,470,499 ",5.794%,1.9,42,48.00,2.30,48.00,26.1,77.4,68,71,43,86,63,4.44,4.43,46.64,0.3,698,698,128,10.5,10.69,6.90,0.04,0.53,72.86
,Iran, 6.1 ," 83,992,949 ",9.195%,2.2,32,35.00,51.00,35.00,10.7,42.1,58,41,43,59,14,3,0,#DIV/0!,0.9,0,0,17,21.9,9.71,5.23,-0.08,0.76,65.31
,United Kingdom, 7.9 ," 66,933,514 ",11.046%,1.8,40,51.00,0.00,51.00,15.4,78.9,35,89,66,35,51,3,0,47.31,0.2,2375,1761,80,10.2,10.69,6.90,0.04,0.53,72.86
,Switzerland, 6.6 ," 8,654,622 ",3.852%,1.5,43,46.82,8.23,46.82,1.4,79.2,34,68,70,58,74,4.58,5.04,47.69,-0.6,0,0,11,11.1,10.69,6.90,0.04,0.53,72.86
,"Korea, South", 7.3 ," 51,269,185 ",21.754%,1.1,44,36.00,128.00,36.00,9.3,65.8,60,18,39,85,100,4.36,4.53,44.11,-0.4,61479,16759,83,23.8,10.32,5.71,-0.05,0.70,71.09
New Jersey,US, 6.3 ," 8,882,190 ",3.120%,1.8,38,40.30,-74.52,40.30,9.0,65.9,40,91,62,46,26,4.5,4.45,50,1.2,16811,6443,723,8.5,10.71,7.17,0.16,0.43,72.18
,Netherlands, 6.4 ," 12,877,846 ",5.587%,1.7,43,52.00,4.90,52.00,21.9,78.8,38,80,14,53,67,4.46,4.46,46.08,-0.6,908,359,26,11.7,10.69,6.90,0.04,0.53,72.86
,Austria, 6.0 ," 9,006,398 ",17.133%,1.5,43,47.52,14.55,47.52,6.0,82.2,11,55,79,70,60,4.59,4.47,45.9,-0.4,102,102,29,13.5,10.69,6.90,0.04,0.53,72.86
,Belgium, 6.2 ," 11,589,623 ",8.273%,1.7,42,50.83,4.00,50.83,9.5,78.6,65,75,54,94,82,3,0,45.07,0.7,208,208,44,12.7,10.69,6.90,0.04,0.53,72.86
,Turkey, 6.8 ," 84,339,067 ",10.928%,2.1,32,38.96,35.24,38.96,6.1,71.3,66,37,45,85,46,4.42,3.82,47.89,1.5,5436,3400,20,23.3,9.71,5.23,-0.08,0.76,65.31
California,US, 7.8 ," 39,512,223 ",12.129%,1.8,38,36.12,-119.68,36.12,19.8,60.2,40,91,62,46,26,4.5,4.45,50,1.5,16811,6443,723,8.5,10.71,7.17,0.16,0.43,72.18
,Portugal, 5.3 ," 10,196,709 ",5.473%,1.3,46,39.40,-8.22,39.40,17.6,79.3,63,27,31,104,28,3.75,3.65,49.52,-0.4,0,0,16,7.9,10.69,6.90,0.04,0.53,72.86
,Norway, 6.0 ," 5,421,241 ",14.524%,1.7,40,60.47,8.47,60.47,-2.8,86.8,31,69,8,50,35,3,0,#DIV/0!,-0.7,0,0,19,7.8,10.69,6.90,0.04,0.53,72.86
Michigan,US, 6.4 ," 9,986,857 ",7.147%,1.8,38,43.33,-84.54,43.33,1.8,80.0,40,91,62,46,26,4.5,4.45,50,1.7,16811,6443,723,8.5,10.71,7.17,0.16,0.43,72.18
Washington,US, 6.1 ," 7,614,893 ",7.993%,1.8,38,47.40,-121.49,47.40,2.4,88.8,40,91,62,46,26,4.5,4.45,50,1.1,16811,6443,723,8.5,10.71,7.17,0.16,0.43,72.18
,Brazil, 7.5 ," 212,559,417 ",4.732%,1.7,33,-14.24,-51.93,14.24,29.5,87.3,69,38,49,76,44,4.25,4.11,45.86,3.4,13754,6601,11,16.1,9.30,5.98,-0.07,0.80,66.72
Massachusetts,US, 6.0 ," 6,949,503 ",8.887%,1.8,38,42.23,-71.53,42.23,6.8,66.3,40,91,62,46,26,4.5,4.45,50,0.7,16811,6443,723,8.5,10.71,7.17,0.16,0.43,72.18
,Sweden, 6.3 ," 10,099,265 ",12.269%,1.9,41,63.00,16.00,63.00,0.0,87.3,31,71,5,29,53,3.41,3.67,50,0.1,0,0,10,7.0,10.69,6.90,0.04,0.53,72.86
,Israel, 5.8 ," 8,655,535 ",7.911%,3,30,31.00,35.00,31.00,17.1,67.2,13,54,47,81,38,4.19,4.03,49.44,0.3,1619,439,27,19.8,9.71,5.23,-0.08,0.76,65.31
Illinois,US, 6.6 ," 12,671,821 ",21.272%,1.8,38,40.35,-88.99,40.35,4.4,79.7,40,91,62,46,26,4.5,4.45,50,1.9,16811,6443,723,8.5,10.71,7.17,0.16,0.43,72.18
Florida,US, 7.1 ," 21,477,737 ",4.100%,1.8,38,27.77,-81.69,27.77,24.6,69.4,40,91,62,46,26,4.5,4.45,50,1.6,16811,6443,723,8.5,10.71,7.17,0.16,0.43,72.18
Louisiana,US, 5.6 ," 4,648,794 ",7.396%,1.8,38,31.17,-91.87,31.17,18.2,82.9,40,91,62,46,26,4.5,4.45,50,2.4,16811,6443,723,8.5,10.71,7.17,0.16,0.43,72.18
Pennsylvania,US, 6.6 ," 12,801,989 ",11.920%,1.8,38,40.59,-77.21,40.59,7.6,73.8,40,91,62,46,26,4.5,4.45,50,1.8,16811,6443,723,8.5,10.71,7.17,0.16,0.43,72.18
,Czechia, 5.3 ," 11,000,000 ",10.675%,1.6,41,49.82,15.47,49.82,7.7,74.0,57,58,57,74,70,3,0,#DIV/0!,-0.5,0,0,0,#DIV/0!,9.98,5.88,-0.10,0.85,68.15
,Malaysia, 5.7 ," 32,365,999 ",4.476%,2,30,2.50,112.50,2.50,30.7,90.0,104,26,50,36,41,3.77,4.16,48.55,0.7,2901,1985,3,17.8,9.37,5.38,0.16,0.70,64.71
,Ireland, 5.6 ," 4,937,786 ",20.116%,1.8,38,53.14,-7.69,53.14,7.9,85.6,28,70,68,35,24,3.93,4.3,#DIV/0!,-0.2,0,0,1,9.5,10.69,6.90,0.04,0.53,72.86
,Denmark, 5.4 ," 3,880,391 ",28.247%,1.8,42,63.29,-13.34,63.29,-7.7,84.8,18,74,16,23,35,4.04,4.4,#DIV/0!,0.0,0,0,0,#DIV/0!,10.69,6.90,0.04,0.53,72.86
Quebec,Canada, 7.4 ," 37,742,154 ",0.453%,1.5,41,52.94,-73.55,52.94,-14.0,92.2,39,80,52,48,36,3,0,49.14,0.5,5017,2224,83,7.5,10.71,7.17,0.16,0.43,72.18
Georgia,US, 6.4 ," 10,617,423 ",3.956%,1.8,38,33.04,-83.64,33.04,16.4,77.2,40,91,62,46,26,4.5,4.45,50,1.8,16811,6443,723,8.5,10.71,7.17,0.16,0.43,72.18
Texas,US, 7.4 ," 28,995,881 ",7.241%,1.8,38,31.05,-97.56,31.05,17.3,76.7,40,91,62,46,26,4.5,4.45,50,1.5,16811,6443,723,8.5,10.71,7.17,0.16,0.43,72.18
,Chile, 5.6 ," 19,116,201 ",26.336%,1.7,35,-35.68,-71.54,35.68,33.7,45.3,63,23,28,86,31,3,0,47.02,1.2,1344,1344,33,19.4,9.30,5.98,-0.07,0.80,66.72
,Luxembourg, 3.8 ," 625,978 ",95.850%,1.5,40,49.82,6.13,49.82,6.9,85.8,40,60,50,70,64,3,#N/A,#DIV/0!,-0.3,0,0,3,10.3,10.69,6.90,0.04,0.53,72.86
,Ecuador, 4.7 ," 17,643,054 ",12.451%,2.4,28,-1.83,-78.18,1.83,22.4,85.5,78,8,63,67,#NULL!,3.98,4.06,#DIV/0!,1.8,0,0,0,#DIV/0!,9.30,5.98,-0.07,0.80,66.72
,Japan, 8.5 ," 126,476,461 ",6.347%,1.4,48,36.00,138.00,36.00,6.6,68.1,54,46,95,92,88,3.69,4.22,42.21,-1.3,5297,3366,529,11.8,10.32,5.71,-0.05,0.70,71.09
Guangdong,China, 6.9 ," 111,690,000 ",11.809%,1.7,38,23.34,113.42,23.34,22.9,66.6,80,20,66,30,87,3.77,4.37,43,-0.5,7895,1764,390,37.8,10.32,5.71,-0.05,0.70,71.09
Colorado,US, 5.8 ," 5,758,736 ",10.422%,1.8,38,39.06,-105.31,39.06,2.6,67.6,40,91,62,46,26,4.5,4.45,50,1.3,16811,6443,723,8.5,10.71,7.17,0.16,0.43,72.18
New South Wales,Australia, 6.0 ," 7,500,000 ",20.000%,1.8,38,-33.87,151.21,33.87,25.1,73.7,38,90,61,51,21,3,0,47.51,-0.1,2585,872,74,6.5,10.71,7.17,0.16,0.43,72.18
,Poland, 6.2 ," 37,846,611 ",4.253%,1.4,42,51.92,19.15,51.92,6.6,73.3,68,60,64,93,38,4.11,3.96,46.74,-0.4,0,0,37,22.4,9.98,5.88,-0.10,0.85,68.15
,Pakistan, 5.9 ," 220,892,340 ",4.650%,3.6,23,30.38,69.35,30.38,18.4,42.3,55,14,50,70,50,3,0,#DIV/0!,1.5,653,467,4,79.4,8.56,4.48,0.04,0.79,62.45
Tennessee,US, 6.0 ," 6,833,174 ",9.664%,1.8,38,35.75,-86.69,35.75,11.7,80.2,40,91,62,46,26,4.5,4.45,50,2.0,16811,6443,723,8.5,10.71,7.17,0.16,0.43,72.18
,Romania, 5.3 ," 19,237,691 ",10.278%,1.6,43,45.94,24.97,45.94,8.1,73.9,90,30,42,90,52,3,0,45.31,0.2,0,0,22,16.8,9.98,5.88,-0.10,0.85,68.15
Connecticut,US, 5.4 ," 3,565,287 ",4.045%,1.8,38,41.60,-72.76,41.60,7.3,64.5,40,91,62,46,26,4.5,4.45,50,0.8,16811,6443,723,8.5,10.71,7.17,0.16,0.43,72.18
Henan,China, 6.7 ," 95,590,000 ",5.501%,1.7,38,33.88,113.61,33.88,14.7,57.2,80,20,66,30,87,3.77,4.37,43,-0.5,7895,1764,390,37.8,10.32,5.71,-0.05,0.70,71.09
Zhejiang,China, 6.2 ," 56,570,000 ",13.388%,1.7,38,29.18,120.09,29.18,15.1,81.0,80,20,66,30,87,3.77,4.37,43,-0.5,7895,1764,390,37.8,10.32,5.71,-0.05,0.70,71.09
,South Africa, 5.8 ," 59,308,690 ",4.529%,2.4,28,-30.56,22.94,30.56,29.7,41.2,49,65,63,49,34,3,0,49.97,3.5,0,0,0,#DIV/0!,7.90,4.38,0.00,0.77,55.09
Ohio,US, 6.5 ," 11,689,100 ",7.521%,1.8,38,40.39,-82.76,40.39,5.1,80.3,40,91,62,46,26,4.5,4.45,50,1.6,16811,6443,723,8.5,10.71,7.17,0.16,0.43,72.18
,Thailand, 6.0 ," 69,799,978 ",9.331%,1.5,40,15.00,101.00,15.00,35.6,48.0,64,20,34,64,32,3.58,3.84,49,1.2,2140,1926,24,25.5,9.37,5.38,0.16,0.70,64.71
,Saudi Arabia, 6.6 ," 34,813,871 ",10.420%,2.3,32,24.00,45.00,24.00,24.0,25.0,#NULL!,#NULL!,#NULL!,#NULL!,36,3,#N/A,#DIV/0!,0.4,0,0,0,#DIV/0!,9.71,5.23,-0.08,0.76,65.31
,Indonesia, 6.9 ," 273,523,615 ",3.952%,2.3,30,-0.79,113.92,0.79,33.6,80.7,78,14,46,48,62,3.7,4.14,46.38,-0.7,991,991,6,28.7,9.37,5.38,0.16,0.70,64.71
,Finland, 5.5 ," 5,540,720 ",10.372%,1.5,43,64.00,26.00,64.00,-0.4,83.7,33,63,26,59,38,4.05,4.02,49.46,0.4,61,61,17,6.1,10.69,6.90,0.04,0.53,72.86
,Russia, 7.2 ," 145,934,462 ",5.740%,1.8,40,60.00,90.00,60.00,-7.7,94.7,93,39,36,95,81,3.86,3.53,39.05,2.4,48954,12374,4,14.1,9.21,5.36,-0.04,0.75,64.73
Hunan,China, 6.4 ," 68,600,000 ",6.616%,1.7,38,27.61,111.71,27.61,14.3,81.5,80,20,66,30,87,3.77,4.37,43,-0.5,7895,1764,390,37.8,10.32,5.71,-0.05,0.70,71.09
Ontario,Canada, 6.5 ," 15,000,000 ",20.000%,1.5,41,51.25,-85.32,51.25,-7.2,92.4,39,80,52,48,36,3,0,49.14,0.5,5017,2224,83,7.5,10.71,7.17,0.16,0.43,72.18
Anhui,China, 6.3 ," 62,550,000 ",6.711%,1.7,38,31.83,117.23,31.83,14.2,70.5,80,20,66,30,87,3.77,4.37,43,-0.5,7895,1764,390,37.8,10.32,5.71,-0.05,0.70,71.09
Indiana,US, 6.0 ," 6,732,219 ",12.187%,1.8,38,39.85,-86.26,39.85,5.9,75.7,40,91,62,46,26,4.5,4.45,50,1.9,16811,6443,723,8.5,10.71,7.17,0.16,0.43,72.18
,Greece, 5.3 ," 10,423,054 ",7.267%,1.3,46,39.07,21.82,39.07,14.4,67.7,60,35,57,112,45,4.55,3.34,52.42,-0.3,65,65,0,#DIV/0!,10.69,6.90,0.04,0.53,72.86
Jiangxi,China, 6.0 ," 46,220,000 ",7.702%,1.7,38,27.61,115.72,27.61,15.8,83.9,80,20,66,30,87,3.77,4.37,43,-0.5,7895,1764,390,37.8,10.32,5.71,-0.05,0.70,71.09
Wisconsin,US, 5.8 ," 5,822,434 ",10.216%,1.8,38,44.27,-89.62,44.27,-0.7,86.4,40,91,62,46,26,4.5,4.45,50,1.1,16811,6443,723,8.5,10.71,7.17,0.16,0.43,72.18
,Iceland, 3.1 ," 341,243 ",20.000%,1.8,37,64.96,-19.02,64.96,-6.7,88.0,#NULL!,#NULL!,#NULL!,#NULL!,28,3,#N/A,#DIV/0!,-1.2,0,0,4,4.2,10.69,6.90,0.04,0.53,72.86
,India, 7.8 ," 1,380,004,385 ",0.880%,2.2,28,21.00,78.00,21.00,32.0,32.2,77,48,56,40,51,3.7,4.11,50.43,1.2,12852,2934,58,69.5,8.56,4.48,0.04,0.79,62.45
North Carolina,US, 6.4 ," 10,488,084 ",6.974%,1.8,38,35.63,-79.81,35.63,13.2,76.6,40,91,62,46,26,4.5,4.45,50,1.8,16811,6443,723,8.5,10.71,7.17,0.16,0.43,72.18
,Philippines, 6.0 ," 109,581,078 ",9.247%,2.6,26,13.00,122.00,13.00,27.3,78.9,94,32,64,44,27,3.85,4.21,47.96,2.4,1838,1659,17,17.3,9.37,5.38,0.16,0.70,64.71
Maryland,US, 5.9 ," 6,045,680 ",10.271%,1.8,38,39.06,-76.80,39.06,10.5,65.4,40,91,62,46,26,4.5,4.45,50,2.1,16811,6443,723,8.5,10.71,7.17,0.16,0.43,72.18
Shandong,China, 6.8 ," 100,060,000 ",5.576%,1.7,38,36.34,118.15,36.34,7.8,58.6,80,20,66,30,87,3.77,4.37,43,-0.5,7895,1764,390,37.8,10.32,5.71,-0.05,0.70,71.09
,Singapore, 5.8 ," 5,850,342 ",71.013%,1.2,42,1.28,103.83,1.28,30.7,77.1,74,20,48,8,72,4.06,4.81,46,-1.1,8654,8654,1,14.8,9.37,5.38,0.16,0.70,64.71
British Columbia,Canada, 5.4 ," 5,000,000 ",20.000%,1.5,41,49.28,-123.12,49.28,6.4,79.8,39,80,52,48,36,3,0,49.14,0.5,5017,2224,83,7.5,10.71,7.17,0.16,0.43,72.18
,Diamond Princess, 0.1 ," 2,700 ",20.000%,2,58,35.00,139.00,35.00,20.0,80.0,#N/A,#N/A,#N/A,#N/A,#N/A,3,#N/A,#DIV/0!,0.4,0,0,0,#DIV/0!,10.71,7.17,0.16,0.43,72.18
,Panama, 4.1 ," 4,314,767 ",9.982%,2.5,30,8.54,-80.78,8.54,32.1,72.0,95,11,44,86,#NULL!,3,0,#DIV/0!,2.3,0,0,0,#DIV/0!,9.30,5.98,-0.07,0.80,66.72
Missouri,US, 5.9 ," 6,137,428 ",7.492%,1.8,38,38.46,-92.29,38.46,7.6,80.3,40,91,62,46,26,4.5,4.45,50,2.3,16811,6443,723,8.5,10.71,7.17,0.16,0.43,72.18
Arizona,US, 6.1 ," 7,278,717 ",19.861%,1.8,38,33.73,-111.43,33.73,18.7,43.7,40,91,62,46,26,4.5,4.45,50,1.6,16811,6443,723,8.5,10.71,7.17,0.16,0.43,72.18
Jiangsu,China, 6.5 ," 80,290,000 ",10.893%,1.7,38,32.97,119.46,32.97,12.1,71.3,80,20,66,30,87,3.77,4.37,43,-0.5,7895,1764,390,37.8,10.32,5.71,-0.05,0.70,71.09
,Peru, 5.3 ," 32,971,854 ",23.061%,2.3,31,-9.19,-75.02,9.19,34.3,74.8,64,16,42,87,25,3,0,43.64,2.0,0,0,2,25.9,9.30,5.98,-0.07,0.80,66.72
,Slovenia, 3.8 ," 2,078,938 ",20.000%,1.6,45,46.15,15.00,46.15,10.4,75.2,71,27,19,88,49,4.01,3.62,50.18,-0.7,0,0,0,#DIV/0!,9.98,5.88,-0.10,0.85,68.15
Virginia,US, 6.2 ," 8,535,519 ",5.131%,1.8,38,37.77,-78.17,37.77,12.3,71.3,40,91,62,46,26,4.5,4.45,50,1.5,16811,6443,723,8.5,10.71,7.17,0.16,0.43,72.18
,Argentina, 6.4 ," 45,195,774 ",3.231%,2.3,32,-38.42,-63.62,38.42,31.0,35.2,49,46,56,86,20,4.18,3.63,42.75,1.8,1990,1775,0,#DIV/0!,9.30,5.98,-0.07,0.80,66.72
Alabama,US, 5.7 ," 4,903,185 ",4.329%,1.8,38,32.32,-86.90,32.32,17.4,79.7,40,91,62,46,26,4.5,4.45,50,2.1,16811,6443,723,8.5,10.71,7.17,0.16,0.43,72.18
,Croatia, 4.0 ," 4,105,267 ",18.652%,1.4,44,45.10,15.20,45.10,10.5,74.1,73,33,40,80,58,3,#N/A,45.2,0.0,158,158,12,14.4,9.98,5.88,-0.10,0.85,68.15
,Mexico, 7.0 ," 128,932,753 ",6.662%,2.1,29,23.63,-102.55,23.63,21.2,44.5,81,30,69,82,24,4.31,3.97,49.51,3.0,1765,1492,14,20.1,9.30,5.98,-0.07,0.80,66.72
,Dominican Republic, 4.3 ," 10,847,910 ",19.001%,2.4,28,18.74,-70.16,18.74,26.7,87.3,#N/A,#N/A,#N/A,#N/A,#N/A,3,#N/A,#DIV/0!,2.7,301,301,0,#DIV/0!,9.30,5.98,-0.07,0.80,66.72
Mississippi,US, 5.2 ," 2,976,149 ",5.830%,1.8,38,32.74,-89.68,32.74,16.3,81.3,40,91,62,46,26,4.5,4.45,50,1.7,16811,6443,723,8.5,10.71,7.17,0.16,0.43,72.18
Chongqing,China, 5.6 ," 30,750,000 ",26.554%,1.7,38,30.06,107.87,30.06,15.4,75.9,80,20,66,30,87,3.77,4.37,43,-0.5,7895,1764,390,37.8,10.32,5.71,-0.05,0.70,71.09
,Estonia, 3.2 ," 1,326,535 ",29.106%,1.6,42,58.60,25.01,58.60,3.3,82.8,40,60,30,60,82,3,0,49.58,1.2,0,0,9,7.2,9.98,5.88,-0.10,0.85,68.15
Victoria,Australia, 5.7 ," 6,000,000 ",20.000%,1.8,38,-37.81,144.96,37.81,25.0,59.6,38,90,61,51,21,3,0,47.51,-0.1,2585,872,74,6.5,10.71,7.17,0.16,0.43,72.18
Beijing,China, 5.2 ," 21,710,000 ",96.771%,1.7,38,40.18,116.41,40.18,9.5,42.9,80,20,66,30,87,3.77,4.37,43,-0.5,7895,1764,390,37.8,10.32,5.71,-0.05,0.70,71.09
,Qatar, 5.2 ," 2,881,053 ",10.718%,1.9,32,25.35,51.18,25.35,24.2,52.7,4.39,3.76,5.05,0,0,4.39,3.76,#DIV/0!,-1.0,0,0,0,#DIV/0!,9.71,5.23,-0.08,0.76,65.31
Queensland,Australia, 5.6 ," 5,000,000 ",20.000%,1.8,38,-28.02,153.40,28.02,26.6,77.2,38,90,61,51,21,3,0,47.51,-0.1,2585,872,74,6.5,10.71,7.17,0.16,0.43,72.18
Sichuan,China, 6.6 ," 83,020,000 ",10.938%,1.7,38,30.62,102.71,30.62,3.1,66.1,80,20,66,30,87,3.77,4.37,43,-0.5,7895,1764,390,37.8,10.32,5.71,-0.05,0.70,71.09
South Carolina,US, 5.7 ," 5,148,714 ",2.645%,1.8,38,33.86,-80.95,33.86,16.1,71.7,40,91,62,46,26,4.5,4.45,50,2.0,16811,6443,723,8.5,10.71,7.17,0.16,0.43,72.18
Alberta,Canada, 5.2 ," 4,300,000 ",20.000%,1.5,41,53.93,-116.58,53.93,-2.1,85.9,39,80,52,48,36,3,0,49.14,0.5,5017,2224,83,7.5,10.71,7.17,0.16,0.43,72.18
,Colombia, 5.7 ," 50,882,891 ",13.129%,1.8,31,4.57,-74.30,4.57,18.9,81.3,67,13,64,80,13,4.16,3.93,#DIV/0!,3.2,346,346,1,13.9,9.30,5.98,-0.07,0.80,66.72
,Egypt, 5.7 ," 102,334,404 ",7.588%,3.3,25,26.00,30.00,26.00,23.8,36.1,#NULL!,#NULL!,#NULL!,#NULL!,7,3.91,4.15,#DIV/0!,0.9,125,125,0,#DIV/0!,9.71,5.23,-0.08,0.76,65.31
Nevada,US, 5.2 ," 3,080,156 ",18.952%,1.8,38,38.31,-117.06,38.31,8.7,46.6,40,91,62,46,26,4.5,4.45,50,1.9,16811,6443,723,8.5,10.71,7.17,0.16,0.43,72.18
Hong Kong,China, 4.1 ," 7,000,000 ",103.927%,1.7,38,22.30,114.20,22.30,20.6,77.8,80,20,66,30,87,3.77,4.37,43,-0.5,7895,1764,390,37.8,10.32,5.71,-0.05,0.70,71.09
Heilongjiang,China, 5.8 ," 37,890,000 ",16.735%,1.7,38,47.86,127.76,47.86,-7.3,89.8,80,20,66,30,87,3.77,4.37,43,-0.5,7895,1764,390,37.8,10.32,5.71,-0.05,0.70,71.09
Utah,US, 5.3 ," 3,205,958 ",5.815%,1.8,38,40.15,-111.86,40.15,5.6,64.4,40,91,62,46,26,4.5,4.45,50,0.6,16811,6443,723,8.5,10.71,7.17,0.16,0.43,72.18
Shanghai,China, 5.4 ," 24,180,000 ",96.840%,1.7,38,31.20,121.45,31.20,14.3,63.4,80,20,66,30,87,3.77,4.37,43,-0.5,7895,1764,390,37.8,10.32,5.71,-0.05,0.70,71.09
,Bahrain, 3.6 ," 1,701,575 ",8.698%,2,32,26.03,50.55,26.03,20.4,63.7,#N/A,#N/A,#N/A,#N/A,#N/A,3,#N/A,#DIV/0!,-0.7,0,0,1,59.8,9.71,5.23,-0.08,0.76,65.31
,Iraq, 5.2 ," 40,222,493 ",12.302%,3.7,21,33.00,44.00,33.00,20.3,41.9,#NULL!,#NULL!,#NULL!,#NULL!,25,3,#N/A,#DIV/0!,2.3,0,0,0,#DIV/0!,9.71,5.23,-0.08,0.76,65.31
,Serbia, 3.8 ," 8,737,371 ",20.000%,1.5,42,44.02,21.01,44.02,10.2,71.0,86,25,43,92,52,3,#N/A,47.64,0.3,0,0,1,23.9,9.98,5.88,-0.10,0.85,68.15
Oregon,US, 5.5 ," 4,217,737 ",13.841%,1.8,38,44.57,-122.07,44.57,8.6,86.0,40,91,62,46,26,4.5,4.45,50,0.7,16811,6443,723,8.5,10.71,7.17,0.16,0.43,72.18
,Algeria, 5.2 ," 43,851,044 ",1.176%,3.1,29,28.03,1.66,28.03,28.2,20.0,#NULL!,#NULL!,#NULL!,#NULL!,26,3,#N/A,#DIV/0!,0.3,0,0,0,#DIV/0!,9.71,5.23,-0.08,0.76,65.31
,United Arab Emirates, 6.0 ," 9,890,402 ",4.220%,1.4,33,24.00,54.00,24.00,26.6,46.1,0,0,0,0,30,3,#N/A,#DIV/0!,-0.1,1435,1435,4,41.5,9.71,5.23,-0.08,0.76,65.31
Minnesota,US, 5.8 ," 5,639,632 ",6.784%,1.8,38,45.69,-93.90,45.69,-3.4,89.6,40,91,62,46,26,4.5,4.45,50,0.6,16811,6443,723,8.5,10.71,7.17,0.16,0.43,72.18
,Lebanon, 4.1 ," 6,825,445 ",16.816%,2.1,30,33.85,35.86,33.85,7.0,75.0,#N/A,#N/A,#N/A,#N/A,#N/A,3,#N/A,46.1,1.4,0,0,0,#DIV/0!,9.71,5.23,-0.08,0.76,65.31
Arkansas,US, 5.2 ," 3,017,825 ",6.413%,1.8,38,34.97,-92.37,34.97,12.7,78.7,40,91,62,46,26,4.5,4.45,50,2.0,16811,6443,723,8.5,10.71,7.17,0.16,0.43,72.18
,New Zealand, 5.2 ," 4,822,233 ",20.000%,1.9,38,-40.90,174.89,40.90,18.9,80.5,22,79,58,49,33,3.47,4.86,46.83,0.0,322,205,13,9.2,10.71,7.17,0.16,0.43,72.18
,Lithuania, 3.7 ," 2,722,289 ",20.406%,1.7,45,55.17,23.88,55.17,5.2,79.2,42,60,19,65,82,3,#N/A,42.61,1.7,0,0,6,15.3,9.98,5.88,-0.10,0.85,68.15
,Morocco, 4.7 ," 36,910,560 ",9.061%,2.4,30,31.79,-7.09,31.79,23.8,49.1,70,46,53,68,14,4.72,4.31,48.95,0.2,0,0,0,#DIV/0!,9.71,5.23,-0.08,0.76,65.31
Fujian,China, 5.8 ," 39,110,000 ",9.453%,1.7,38,26.08,117.99,26.08,17.1,82.2,80,20,66,30,87,3.77,4.37,43,-0.5,7895,1764,390,37.8,10.32,5.71,-0.05,0.70,71.09
,Armenia, 2.6 ," 2,963,243 ",42.453%,1.8,35,40.07,45.04,40.07,-2.1,76.0,#NULL!,#NULL!,#NULL!,#NULL!,61,3,#N/A,#DIV/0!,1.1,0,0,0,#DIV/0!,9.21,5.36,-0.04,0.75,64.73
Oklahoma,US, 5.5 ," 3,956,971 ",14.658%,1.8,38,35.57,-96.93,35.57,12.9,68.0,40,91,62,46,26,4.5,4.45,50,1.6,16811,6443,723,8.5,10.71,7.17,0.16,0.43,72.18
Hebei,China, 6.5 ," 75,200,000 ",5.434%,1.7,38,39.55,116.13,39.55,10.3,41.5,80,20,66,30,87,3.77,4.37,43,-0.5,7895,1764,390,37.8,10.32,5.71,-0.05,0.70,71.09
,Ukraine, 4.7 ," 43,733,762 ",5.989%,1.4,41,48.38,31.17,48.38,7.4,73.2,93,23,27,95,55,3,#N/A,39.05,1.8,3986,2066,2,17.3,9.21,5.36,-0.04,0.75,64.73
Kentucky,US, 5.6 ," 4,467,673 ",13.370%,1.8,38,37.67,-84.67,37.67,9.0,79.7,40,91,62,46,26,4.5,4.45,50,1.7,16811,6443,723,8.5,10.71,7.17,0.16,0.43,72.18
,Hungary, 4.8 ," 9,660,351 ",19.234%,1.5,43,47.16,19.50,47.16,9.5,68.5,46,80,88,82,58,4.71,3.5,#DIV/0!,0.7,0,0,17,17.2,9.98,5.88,-0.10,0.85,68.15
,Bulgaria, 4.0 ," 6,948,445 ",15.724%,1.6,45,42.73,25.49,42.73,10.0,74.2,70,30,40,85,69,3,0,#DIV/0!,0.1,823,706,3,23.3,9.98,5.88,-0.10,0.85,68.15
,Latvia, 3.4 ," 1,886,198 ",38.448%,1.7,44,56.88,24.60,56.88,4.8,78.1,44,70,9,63,69,3,#N/A,43.79,1.2,0,0,0,#DIV/0!,9.98,5.88,-0.10,0.85,68.15
District of Columbia,US, 3.6 ," 633,000 ",109.632%,1.8,38,38.90,-77.03,38.90,11.7,63.2,40,91,62,46,26,4.5,4.45,50,2.9,16811,6443,723,8.5,10.71,7.17,0.16,0.43,72.18
,Slovakia, 4.5 ," 5,459,642 ",8.217%,1.5,41,48.67,19.70,48.67,4.5,85.3,104,52,110,51,77,3,0,47.38,0.0,0,0,27,18.3,9.98,5.88,-0.10,0.85,68.15
,Andorra, 1.4 ," 77,265 ",20.000%,N.A.,N.A.,42.51,1.52,42.51,7.4,75.4,#NULL!,#NULL!,#NULL!,#NULL!,#NULL!,3,#N/A,#DIV/0!,-1.6,0,0,0,#DIV/0!,9.30,5.98,-0.07,0.80,66.72
,Taiwan*, 6.4 ," 23,816,775 ",11.363%,1.2,42,23.70,121.00,23.70,21.7,69.2,58,17,45,69,93,3.7,4.27,44.74,-0.2,9525,4582,21,18.3,10.32,5.71,-0.05,0.70,71.09
,Costa Rica, 4.1 ," 5,094,118 ",7.020%,1.8,33,9.75,-83.75,9.75,24.0,79.3,35,15,21,86,#NULL!,3.83,4.1,#DIV/0!,2.5,0,0,0,#DIV/0!,9.30,5.98,-0.07,0.80,66.72
South Australia,Australia, 4.4 ," 1,600,000 ",20.000%,1.8,38,-34.93,138.60,34.93,24.1,60.0,38,90,61,51,21,3,0,47.51,-0.1,2585,872,74,6.5,10.71,7.17,0.16,0.43,72.18
Guangxi,China, 6.1 ," 48,850,000 ",7.822%,1.7,38,23.83,108.79,23.83,20.1,74.8,80,20,66,30,87,3.77,4.37,43,-0.5,7895,1764,390,37.8,10.32,5.71,-0.05,0.70,71.09
Shaanxi,China, 5.8 ," 38,350,000 ",20.618%,1.7,38,35.19,108.87,35.19,9.4,46.9,80,20,66,30,87,3.77,4.37,43,-0.5,7895,1764,390,37.8,10.32,5.71,-0.05,0.70,71.09
,Uruguay, 4.0 ," 3,473,730 ",41.739%,2,36,-32.52,-55.77,32.52,31.7,57.3,61,36,38,100,26,3,0,#DIV/0!,2.0,0,0,0,#DIV/0!,9.30,5.98,-0.07,0.80,66.72
,Bosnia and Herzegovina, 2.8 ," 3,280,819 ",20.000%,1.3,43,43.92,17.68,43.92,8.4,78.4,#N/A,#N/A,#N/A,#N/A,#N/A,3,#N/A,#DIV/0!,0.2,0,0,0,#DIV/0!,9.98,5.88,-0.10,0.85,68.15
Iowa,US, 5.2 ," 3,155,070 ",6.829%,1.8,38,42.01,-93.21,42.01,1.7,82.6,40,91,62,46,26,4.5,4.45,50,0.5,16811,6443,723,8.5,10.71,7.17,0.16,0.43,72.18
,Jordan, 3.7 ," 10,203,134 ",12.280%,2.8,24,31.24,36.51,31.24,14.5,67.6,#NULL!,#NULL!,#NULL!,#NULL!,16,3,#N/A,53.73,0.4,0,0,0,#DIV/0!,9.71,5.23,-0.08,0.76,65.31
Western Australia,Australia, 4.9 ," 2,600,000 ",20.000%,1.8,38,-31.95,115.86,31.95,29.8,51.8,38,90,61,51,21,3,0,47.51,-0.1,2585,872,74,6.5,10.71,7.17,0.16,0.43,72.18
,Tunisia, 3.7 ," 11,818,619 ",5.895%,2.2,33,34.00,9.00,34.00,18.4,47.5,#N/A,#N/A,#N/A,#N/A,#N/A,3,#N/A,#DIV/0!,1.1,0,0,0,#DIV/0!,9.71,5.23,-0.08,0.76,65.31
,Kuwait, 4.9 ," 4,270,571 ",0.752%,2.1,37,29.50,47.75,29.50,22.5,38.5,3.56,3.79,4.97,0,0,3.56,3.79,#DIV/0!,0.6,0,0,1,56.0,9.71,5.23,-0.08,0.76,65.31
,San Marino, 1.0 ," 33,931 ",20.000%,N.A.,36,43.94,12.46,43.94,12.8,68.5,#N/A,#N/A,#N/A,#N/A,#N/A,3,#N/A,#DIV/0!,-1.6,0,0,0,#DIV/0!,9.30,5.98,-0.07,0.80,66.72
,North Macedonia, 2.4 ," 2,083,374 ",20.000%,1.5,39,41.61,21.75,41.61,10.7,67.7,#N/A,#N/A,#N/A,#N/A,#N/A,3,#N/A,#DIV/0!,0.5,0,0,0,#DIV/0!,9.21,5.36,-0.04,0.75,64.73
Kansas,US, 5.2 ," 2,913,314 ",13.125%,1.8,38,38.53,-96.73,38.53,8.3,72.4,40,91,62,46,26,4.5,4.45,50,1.4,16811,6443,723,8.5,10.71,7.17,0.16,0.43,72.18
Idaho,US, 4.7 ," 1,787,147 ",11.508%,1.8,38,44.24,-114.48,44.24,-0.4,86.1,40,91,62,46,26,4.5,4.45,50,0.7,16811,6443,723,8.5,10.71,7.17,0.16,0.43,72.18
Rhode Island,US, 4.2 ," 1,059,361 ",16.807%,1.8,38,41.68,-71.51,41.68,7.4,65.9,40,91,62,46,26,4.5,4.45,50,0.4,16811,6443,723,8.5,10.71,7.17,0.16,0.43,72.18
,Moldova, 2.3 ," 4,033,963 ",17.643%,1.3,38,47.41,28.37,47.41,9.3,69.0,#NULL!,#NULL!,#NULL!,#NULL!,71,3,#N/A,#DIV/0!,1.2,0,0,0,#DIV/0!,9.21,5.36,-0.04,0.75,64.73
,Albania, 2.6 ," 2,877,797 ",14.039%,1.6,36,41.15,20.17,41.15,13.0,72.6,#NULL!,#NULL!,#NULL!,#NULL!,61,4.57,4.57,#DIV/0!,1.0,0,0,0,#DIV/0!,9.98,5.88,-0.10,0.85,68.15
Vermont,US, 3.6 ," 623,989 ",6.798%,1.8,38,44.05,-72.71,44.05,-0.5,85.6,40,91,62,46,26,4.5,4.45,50,0.5,16811,6443,723,8.5,10.71,7.17,0.16,0.43,72.18
,Burkina Faso, 2.6 ," 20,903,273 ",1.753%,5.2,18,12.24,-1.56,12.24,37.8,11.1,#NULL!,#NULL!,#NULL!,#NULL!,27,3,#N/A,#DIV/0!,-1.0,0,0,0,#DIV/0!,7.90,4.38,0.00,0.77,55.09
Yunnan,China, 6.0 ," 48,010,000 ",9.179%,1.7,38,24.97,101.49,24.97,18.8,60.4,80,20,66,30,87,3.77,4.37,43,-0.5,7895,1764,390,37.8,10.32,5.71,-0.05,0.70,71.09
Hainan,China, 4.4 ," 9,170,000 ",20.000%,1.7,38,19.20,109.75,19.20,25.7,83.8,80,20,66,30,87,3.77,4.37,43,-0.5,7895,1764,390,37.8,10.32,5.71,-0.05,0.70,71.09
Maine,US, 4.4 ," 1,344,212 ",4.924%,1.8,38,44.69,-69.38,44.69,1.3,79.8,40,91,62,46,26,4.5,4.45,50,0.6,16811,6443,723,8.5,10.71,7.17,0.16,0.43,72.18
,Azerbaijan, 3.7 ," 10,139,177 ",20.000%,2.1,32,40.14,47.58,40.14,12.6,62.2,#NULL!,#NULL!,#NULL!,#NULL!,61,3,#N/A,#DIV/0!,0.8,0,0,0,#DIV/0!,9.21,5.36,-0.04,0.75,64.73
Delaware,US, 4.1 ," 973,764 ",7.276%,1.8,38,39.32,-75.51,39.32,9.6,70.5,40,91,62,46,26,4.5,4.45,50,1.6,16811,6443,723,8.5,10.71,7.17,0.16,0.43,72.18
,Vietnam, 5.4 ," 97,338,579 ",0.588%,2.1,32,16.00,108.00,16.00,25.3,84.9,70,20,40,30,57,3,0,48,0.4,1873,1026,3,31.0,9.37,5.38,0.16,0.70,64.71
,Cyprus, 3.4 ," 1,207,359 ",20.000%,1.3,37,35.13,33.43,35.13,15.4,71.0,0,0,0,0,0,3,#N/A,51.16,0.1,0,0,5,16.2,10.69,6.90,0.04,0.53,72.86
New Hampshire,US, 4.4 ," 1,359,711 ",8.058%,1.8,38,43.45,-71.56,43.45,3.0,79.3,40,91,62,46,26,4.5,4.45,50,0.4,16811,6443,723,8.5,10.71,7.17,0.16,0.43,72.18
Tianjin,China, 4.9 ," 15,570,000 ",27.903%,1.7,38,39.31,117.32,39.31,10.3,45.2,80,20,66,30,87,3.77,4.37,43,-0.5,7895,1764,390,37.8,10.32,5.71,-0.05,0.70,71.09
,Kazakhstan, 5.0 ," 18,776,707 ",5.679%,2.8,31,48.02,66.92,48.02,-4.5,86.4,4.51,3.72,5.4,0,0,4.51,3.72,#DIV/0!,1.6,0,0,1,29.8,9.21,5.36,-0.04,0.75,64.73
Guizhou,China, 5.7 ," 35,550,000 ",9.244%,1.7,38,26.82,106.87,26.82,13.6,81.1,80,20,66,30,87,3.77,4.37,43,-0.5,7895,1764,390,37.8,10.32,5.71,-0.05,0.70,71.09
Reunion,France, 3.6 ," 895,312 ",20.000%,1.9,42,-21.14,55.25,21.14,26.9,79.2,68,71,43,86,63,4.44,4.43,46.64,0.3,698,698,128,10.5,10.69,6.90,0.04,0.53,72.86
Faroe Islands,Denmark, 5.8 ," 5,792,202 ",20.000%,1.8,42,61.89,-6.91,61.89,5.1,76.1,18,74,16,23,35,4.04,4.4,#DIV/0!,0.0,0,0,0,#DIV/0!,10.69,6.90,0.04,0.53,72.86
,Malta, 2.4 ," 441,543 ",20.000%,1.5,43,35.94,14.38,35.94,15.6,73.3,56,59,47,96,47,3,0,49.56,-0.1,0,0,1,11.0,10.69,6.90,0.04,0.53,72.86
,Ghana, 4.1 ," 31,072,940 ",5.167%,3.9,22,7.95,-1.02,7.95,34.2,49.0,#NULL!,#NULL!,#NULL!,#NULL!,4,3,#N/A,#DIV/0!,0.5,0,0,0,#DIV/0!,7.90,4.38,0.00,0.77,55.09
Gansu,China, 5.4 ," 26,260,000 ",11.639%,1.7,38,37.81,101.06,37.81,-5.4,49.0,80,20,66,30,87,3.77,4.37,43,-0.5,7895,1764,390,37.8,10.32,5.71,-0.05,0.70,71.09
New Mexico,US, 4.8 ," 2,096,829 ",26.032%,1.8,38,34.84,-106.25,34.84,9.7,54.1,40,91,62,46,26,4.5,4.45,50,2.1,16811,6443,723,8.5,10.71,7.17,0.16,0.43,72.18
Shanxi,China, 5.8 ," 36,820,000 ",10.491%,1.7,38,37.58,112.29,37.58,8.1,44.6,80,20,66,30,87,3.77,4.37,43,-0.5,7895,1764,390,37.8,10.32,5.71,-0.05,0.70,71.09
,Oman, 4.3 ," 5,106,626 ",15.202%,2.9,31,21.00,57.00,21.00,29.0,40.4,0,0,0,0,30,3,#N/A,#DIV/0!,-0.4,0,0,0,#DIV/0!,9.71,5.23,-0.08,0.76,65.31
Liaoning,China, 5.9 ," 43,690,000 ",16.409%,1.7,38,41.30,122.61,41.30,2.4,57.0,80,20,66,30,87,3.77,4.37,43,-0.5,7895,1764,390,37.8,10.32,5.71,-0.05,0.70,71.09
,Senegal, 3.1 ," 16,743,927 ",14.238%,4.7,19,14.50,-14.45,14.50,40.3,10.6,#N/A,#N/A,#N/A,#N/A,#N/A,3,#N/A,#DIV/0!,2.0,0,0,0,#DIV/0!,7.90,4.38,0.00,0.77,55.09
,Brunei, 2.6 ," 437,479 ",20.000%,1.8,32,4.54,114.73,4.54,32.0,82.4,#N/A,#N/A,#N/A,#N/A,#N/A,3,#N/A,#DIV/0!,-0.7,0,0,0,#DIV/0!,10.32,5.71,-0.05,0.70,71.09
,Afghanistan, 3.1 ," 38,928,346 ",5.503%,4.6,18,33.00,65.00,33.00,11.9,51.5,#N/A,#N/A,#N/A,#N/A,#N/A,3,#N/A,#DIV/0!,1.8,0,0,1,61.8,8.56,4.48,0.04,0.79,62.45
Montana,US, 4.2 ," 1,068,778 ",9.747%,1.8,38,46.92,-110.45,46.92,-1.3,79.2,40,91,62,46,26,4.5,4.45,50,1.2,16811,6443,723,8.5,10.71,7.17,0.16,0.43,72.18
,Venezuela, 6.1 ," 28,435,940 ",6.330%,2.3,30,6.42,-66.59,6.42,36.8,47.7,81,12,73,76,16,4.25,3.41,#DIV/0!,4.0,4093,3864,0,#DIV/0!,9.30,5.98,-0.07,0.80,66.72
,Sri Lanka, 4.4 ," 21,413,249 ",3.665%,2.2,34,7.00,81.00,7.00,23.2,74.9,#N/A,#N/A,#N/A,#N/A,#N/A,3,#N/A,#DIV/0!,0.9,0,0,1,32.0,8.56,4.48,0.04,0.79,62.45
Hawaii,US, 4.4 ," 1,415,872 ",23.820%,1.8,38,21.09,-157.50,21.09,23.6,74.4,40,91,62,46,26,4.5,4.45,50,0.9,16811,6443,723,8.5,10.71,7.17,0.16,0.43,72.18
Newfoundland and Labrador,Canada, 3.1 ," 521,000 ",20.000%,1.5,41,53.14,-57.66,53.14,-10.0,81.4,39,80,52,48,36,3,0,49.14,0.5,5017,2224,83,7.5,10.71,7.17,0.16,0.43,72.18
,Cote d'Ivoire, 3.6 ," 22,000,000 ",20.000%,#N/A,19,7.54,-5.55,7.54,37.5,41.1,#N/A,#N/A,#N/A,#N/A,#N/A,3,#N/A,#DIV/0!,0.4,0,0,0,#DIV/0!,7.90,4.38,0.00,0.77,55.09
,Cambodia, 3.1 ," 16,718,965 ",20.000%,2.5,26,11.55,104.92,11.55,35.5,55.5,80,20,30,60,0,3,#N/A,#DIV/0!,0.6,10,10,1,20.1,9.37,5.38,0.16,0.70,64.71
Jilin,China, 5.5 ," 27,170,000 ",4.206%,1.7,38,43.67,126.19,43.67,-3.5,83.6,80,20,66,30,87,3.77,4.37,43,-0.5,7895,1764,390,37.8,10.32,5.71,-0.05,0.70,71.09
Saskatchewan,Canada, 3.8 ," 1,000,000 ",20.000%,1.5,41,52.94,-106.45,52.94,-7.5,91.0,39,80,52,48,36,3,0,49.14,0.5,5017,2224,83,7.5,10.71,7.17,0.16,0.43,72.18
,Mauritius, 2.6 ," 1,271,768 ",11.055%,1.4,37,-20.20,57.50,20.20,28.2,79.2,#N/A,#N/A,#N/A,#N/A,#N/A,3,#N/A,#DIV/0!,0.6,0,0,0,#DIV/0!,7.90,4.38,0.00,0.77,55.09
,Belarus, 3.9 ," 9,449,323 ",18.675%,1.7,40,53.71,27.95,53.71,4.6,79.9,0,0,0,0,81,3,#N/A,#DIV/0!,1.3,1214,1214,0,#DIV/0!,9.21,5.36,-0.04,0.75,64.73
Inner Mongolia,China, 5.4 ," 25,290,000 ",8.597%,1.7,38,44.09,113.94,44.09,-7.8,78.7,80,20,66,30,87,3.77,4.37,43,-0.5,7895,1764,390,37.8,10.32,5.71,-0.05,0.70,71.09
,Cameroon, 3.6 ," 26,545,863 ",4.229%,4.6,19,3.85,11.50,3.85,35.1,65.5,#N/A,#N/A,#N/A,#N/A,#N/A,3,#N/A,#DIV/0!,1.4,0,0,0,#DIV/0!,7.90,4.38,0.00,0.77,55.09
Nova Scotia,Canada, 3.8 ," 971,000 ",20.000%,1.5,41,44.68,-63.74,44.68,1.2,79.6,39,80,52,48,36,3,0,49.14,0.5,5017,2224,83,7.5,10.71,7.17,0.16,0.43,72.18
Channel Islands,United Kingdom, 2.1 ," 170,000 ",20.000%,1.8,40,49.37,-2.36,49.37,10.0,78.5,35,89,66,35,51,3,0,47.31,0.2,2375,1761,80,10.2,10.69,6.90,0.04,0.53,72.86
,Uzbekistan, 4.2 ," 33,469,203 ",6.424%,2.4,28,41.38,64.59,41.38,10.2,52.1,#N/A,#N/A,#N/A,#N/A,#N/A,3,#N/A,#DIV/0!,1.1,0,0,1,34.3,9.21,5.36,-0.04,0.75,64.73
,Georgia, 2.7 ," 3,717,000 ",37.205%,2.1,38,42.32,43.36,42.32,7.8,75.8,#NULL!,#NULL!,#NULL!,#NULL!,38,4.15,3.85,60,0.0,0,0,0,#DIV/0!,9.21,5.36,-0.04,0.75,64.73
,Montenegro, 1.7 ," 628,066 ",20.000%,1.8,39,42.50,19.30,42.50,12.6,67.6,#NULL!,#NULL!,#NULL!,#NULL!,75,3,#N/A,#DIV/0!,1.5,0,0,0,#DIV/0!,9.98,5.88,-0.10,0.85,68.15
Nebraska,US, 4.7 ," 1,934,408 ",21.141%,1.8,38,41.13,-98.27,41.13,6.3,69.0,40,91,62,46,26,4.5,4.45,50,0.8,16811,6443,723,8.5,10.71,7.17,0.16,0.43,72.18
Martinique,France, 2.7 ," 376,000 ",20.000%,1.9,42,14.00,-61.00,14.00,20.0,80.0,68,71,43,86,63,4.44,4.43,46.64,0.3,698,698,128,10.5,10.69,6.90,0.04,0.53,72.86
,Cuba, 4.5 ," 11,326,616 ",20.553%,1.6,42,22.00,-80.00,22.00,27.3,77.2,#N/A,#N/A,#N/A,#N/A,#N/A,3,#N/A,#DIV/0!,1.6,0,0,0,#DIV/0!,9.30,5.98,-0.07,0.80,66.72
Puerto Rico,US, 5.2 ," 3,193,694 ",12.378%,1.8,38,18.22,-66.59,18.22,27.4,77.6,40,91,62,46,26,4.5,4.45,50,0.4,16811,6443,723,8.5,10.71,7.17,0.16,0.43,72.18
Xinjiang,China, 5.4 ," 24,450,000 ",17.623%,1.7,38,41.11,85.24,41.11,7.1,47.6,80,20,66,30,87,3.77,4.37,43,-0.5,7895,1764,390,37.8,10.32,5.71,-0.05,0.70,71.09
West Virginia,US, 4.7 ," 1,792,065 ",2.868%,1.8,38,38.49,-80.95,38.49,7.3,80.1,40,91,62,46,26,4.5,4.45,50,1.3,16811,6443,723,8.5,10.71,7.17,0.16,0.43,72.18
Ningxia,China, 4.1 ," 6,820,000 ",20.000%,1.7,38,37.27,106.17,37.27,5.8,43.9,80,20,66,30,87,3.77,4.37,43,-0.5,7895,1764,390,37.8,10.32,5.71,-0.05,0.70,71.09
Guadeloupe,France, 2.8 ," 400,124 ",20.000%,1.9,42,16.25,-61.58,16.25,27.4,74.7,68,71,43,86,63,4.44,4.43,46.64,0.3,698,698,128,10.5,10.69,6.90,0.04,0.53,72.86
,Nigeria, 6.1 ," 206,139,589 ",3.895%,5.4,18,9.08,8.68,9.08,39.5,21.0,#NULL!,#NULL!,#NULL!,#NULL!,13,4.53,3.79,#DIV/0!,2.3,0,0,2,43.1,7.90,4.38,0.00,0.77,55.09
Wyoming,US, 3.6 ," 578,759 ",10.275%,1.8,38,42.76,-107.30,42.76,-1.5,82.1,40,91,62,46,26,4.5,4.45,50,0.8,16811,6443,723,8.5,10.71,7.17,0.16,0.43,72.18
,Honduras, 3.1 ," 9,904,607 ",11.978%,2.5,24,15.20,-86.24,15.20,29.5,78.3,#N/A,#N/A,#N/A,#N/A,#N/A,3,#N/A,#DIV/0!,4.0,0,0,0,#DIV/0!,9.30,5.98,-0.07,0.80,66.72
North Dakota,US, 3.8 ," 762,062 ",13.850%,1.8,38,47.53,-99.78,47.53,-4.6,85.7,40,91,62,46,26,4.5,4.45,50,0.9,16811,6443,723,8.5,10.71,7.17,0.16,0.43,72.18
,Trinidad and Tobago, 3.1 ," 1,399,488 ",20.000%,1.7,36,10.69,-61.22,10.69,27.9,78.9,47,16,58,55,13,3,#N/A,#DIV/0!,3.4,0,0,0,#DIV/0!,9.30,5.98,-0.07,0.80,66.72
Australian Capital Territory,Australia, 3.1 ," 400,000 ",20.000%,1.8,38,-35.47,149.01,35.47,24.4,65.5,38,90,61,51,21,3,0,47.51,-0.1,2585,872,74,6.5,10.71,7.17,0.16,0.43,72.18
,Bolivia, 3.6 ," 11,673,021 ",13.003%,2.8,26,-16.29,-63.59,16.29,33.5,67.8,3.78,3.57,4.46,0,0,3.78,3.57,49.62,1.8,0,0,0,#DIV/0!,9.30,5.98,-0.07,0.80,66.72
Alaska,US, 3.8 ," 731,545 ",39.892%,1.8,38,61.37,-152.40,61.37,-9.9,71.7,40,91,62,46,26,4.5,4.45,50,2.1,16811,6443,723,8.5,10.71,7.17,0.16,0.43,72.18
South Dakota,US, 4.0 ," 884,659 ",17.395%,1.8,38,44.30,-99.44,44.30,-0.7,82.7,40,91,62,46,26,4.5,4.45,50,0.3,16811,6443,723,8.5,10.71,7.17,0.16,0.43,72.18
,Kyrgyzstan, 2.1 ," 6,524,195 ",12.398%,3,26,41.20,74.77,41.20,-7.2,62.7,#N/A,#N/A,#N/A,#N/A,#N/A,3,#N/A,#DIV/0!,1.5,0,0,0,#DIV/0!,9.21,5.36,-0.04,0.75,64.73
,Liechtenstein, 2.0 ," 38,128 ",20.000%,N.A.,38,47.14,9.55,47.14,5.9,79.1,#N/A,#N/A,#N/A,#N/A,#N/A,3,#N/A,#DIV/0!,-1.6,0,0,0,#DIV/0!,10.69,6.90,0.04,0.53,72.86
Gibraltar,United Kingdom, 0.9 ," 34,000 ",20.000%,1.8,40,36.14,-5.35,36.14,15.2,77.9,35,89,66,35,51,3,0,47.31,0.2,2375,1761,80,10.2,10.69,6.90,0.04,0.53,72.86
,Rwanda, 2.3 ," 12,952,218 ",20.000%,4.1,20,-1.94,29.87,1.94,26.5,81.1,#NULL!,#NULL!,#NULL!,#NULL!,18,3,#N/A,#DIV/0!,0.9,0,0,0,#DIV/0!,7.90,4.38,0.00,0.77,55.09
,Paraguay, 3.7 ," 7,132,538 ",7.666%,2.4,26,-23.44,-58.44,23.44,38.0,47.9,#N/A,#N/A,#N/A,#N/A,#N/A,3,#N/A,#DIV/0!,2.2,0,0,0,#DIV/0!,9.30,5.98,-0.07,0.80,66.72
,Congo (Kinshasa), 3.0 ," 11,000,000 ",20.000%,#N/A,19,-4.04,21.76,4.04,33.3,75.5,#N/A,#N/A,#N/A,#N/A,#N/A,3,#N/A,#DIV/0!,0.4,0,0,0,#DIV/0!,7.90,4.38,0.00,0.77,55.09
Guam,US, 2.4 ," 165,718 ",27.120%,1.8,38,13.44,144.79,13.44,27.3,79.0,40,91,62,46,26,4.5,4.45,50,0.4,16811,6443,723,8.5,10.71,7.17,0.16,0.43,72.18
Mayotte,France, 2.4 ," 272,815 ",20.000%,1.9,42,-12.83,45.17,12.83,29.4,73.0,68,71,43,86,63,4.44,4.43,46.64,0.3,698,698,128,10.5,10.69,6.90,0.04,0.53,72.86
,Bangladesh, 5.5 ," 164,689,383 ",5.185%,2.1,28,23.69,90.36,23.69,30.3,42.6,80,20,55,60,47,3,0,50.49,0.9,1521,1521,1,97.1,8.56,4.48,0.04,0.79,62.45
Tasmania,Australia, 3.3 ," 515,000 ",20.000%,1.8,38,-41.45,145.97,41.45,18.0,76.0,38,90,61,51,21,3,0,47.51,-0.1,2585,872,74,6.5,10.71,7.17,0.16,0.43,72.18
New Brunswick,Canada, 3.5 ," 777,000 ",20.000%,1.5,41,46.57,-66.46,46.57,-0.9,84.4,39,80,52,48,36,3,0,49.14,0.5,5017,2224,83,7.5,10.71,7.17,0.16,0.43,72.18
,Monaco, 2.0 ," 39,242 ",20.000%,N.A.,40,43.73,7.42,43.73,14.1,62.3,#N/A,#N/A,#N/A,#N/A,#N/A,3,#N/A,#DIV/0!,-1.6,0,0,0,#DIV/0!,10.69,6.90,0.04,0.53,72.86
Manitoba,Canada, 4.0 ," 1,300,000 ",20.000%,1.5,41,53.76,-98.81,53.76,-10.7,91.5,39,80,52,48,36,3,0,49.14,0.5,5017,2224,83,7.5,10.71,7.17,0.16,0.43,72.18
Macau,China, 1.9 ," 622,000 ",20.000%,1.7,38,22.17,113.55,22.17,20.8,76.9,80,20,66,30,87,3.77,4.37,43,-0.5,7895,1764,390,37.8,10.32,5.71,-0.05,0.70,71.09
Aruba,Netherlands, 1.8 ," 106,766 ",20.000%,1.7,43,12.52,-70.04,12.52,26.5,80.1,38,80,14,53,67,4.46,4.46,46.08,-0.6,908,359,26,11.7,10.69,6.90,0.04,0.53,72.86
,Kenya, 4.4 ," 53,771,296 ",4.669%,3.5,20,-0.02,37.91,0.02,24.7,73.8,#N/A,#N/A,#N/A,#N/A,#N/A,3,#N/A,#DIV/0!,1.6,0,0,0,#DIV/0!,7.90,4.38,0.00,0.77,55.09
French Polynesia,France, 2.5 ," 283,000 ",20.000%,1.9,42,-17.68,149.41,17.68,29.7,77.3,68,71,43,86,63,4.44,4.43,46.64,0.3,698,698,128,10.5,10.69,6.90,0.04,0.53,72.86
Isle of Man,United Kingdom, 1.5 ," 84,000 ",20.000%,1.8,40,54.24,-4.55,54.24,6.4,80.4,35,89,66,35,51,3,0,47.31,0.2,2375,1761,80,10.2,10.69,6.90,0.04,0.53,72.86
,Guatemala, 4.3 ," 17,915,568 ",6.086%,2.9,23,15.78,-90.23,15.78,23.6,86.0,95,6,37,101,#NULL!,3.96,3.85,#DIV/0!,3.3,0,0,0,#DIV/0!,9.30,5.98,-0.07,0.80,66.72
French Guiana,France, 2.5 ," 298,682 ",20.000%,1.9,42,3.93,-53.13,3.93,32.6,75.4,68,71,43,86,63,4.44,4.43,46.64,0.3,698,698,128,10.5,10.69,6.90,0.04,0.53,72.86
,Jamaica, 2.7 ," 2,961,167 ",20.000%,2,31,18.11,-77.30,18.11,28.1,78.1,45,39,68,13,#NULL!,3,0,#DIV/0!,3.9,0,0,0,#DIV/0!,9.30,5.98,-0.07,0.80,66.72
,Madagascar, 2.4 ," 25,570,000 ",3.423%,4.1,20,-18.77,46.87,18.77,24.4,83.8,#N/A,#N/A,#N/A,#N/A,#N/A,3,#N/A,#DIV/0!,2.0,0,0,0,#DIV/0!,7.90,4.38,0.00,0.77,55.09
,Togo, 1.8 ," 8,278,724 ",8.153%,4.4,19,8.62,0.82,8.62,38.8,27.4,#N/A,#N/A,#N/A,#N/A,#N/A,3,#N/A,#DIV/0!,2.2,0,0,0,#DIV/0!,7.90,4.38,0.00,0.77,55.09
,Barbados, 1.7 ," 287,375 ",20.000%,1.6,40,13.19,-59.54,13.19,26.9,75.0,#N/A,#N/A,#N/A,#N/A,#N/A,3,#N/A,#DIV/0!,2.4,0,0,0,#DIV/0!,9.30,5.98,-0.07,0.80,66.72
,Uganda, 3.3 ," 42,860,000 ",2.224%,5,17,1.00,32.00,1.00,31.4,54.0,#NULL!,#NULL!,#NULL!,#NULL!,24,3,#N/A,#DIV/0!,2.4,0,0,1,40.8,7.90,4.38,0.00,0.77,55.09
,Zambia, 3.2 ," 18,383,955 ",6.626%,4.7,18,-15.42,28.28,15.42,25.0,87.7,#NULL!,#NULL!,#NULL!,#NULL!,30,4,4.01,#DIV/0!,1.7,0,0,0,#DIV/0!,7.90,4.38,0.00,0.77,55.09
Virgin Islands,US, 1.9 ," 100,000 ",18.481%,1.8,38,18.34,-64.90,18.34,25.8,75.8,40,91,62,46,26,4.5,4.45,50,0.4,16811,6443,723,8.5,10.71,7.17,0.16,0.43,72.18
Qinghai,China, 4.0 ," 5,980,000 ",20.000%,1.7,38,35.75,96.00,35.75,2.9,25.2,80,20,66,30,87,3.77,4.37,43,-0.5,7895,1764,390,37.8,10.32,5.71,-0.05,0.70,71.09
Bermuda,United Kingdom, 1.3 ," 65,000 ",20.000%,1.8,40,32.31,-64.75,32.31,18.9,75.4,35,89,66,35,51,3,0,47.31,0.2,2375,1761,80,10.2,10.69,6.90,0.04,0.53,72.86
,Ethiopia, 4.5 ," 114,963,588 ",2.295%,4.3,19,9.14,40.49,9.14,30.7,47.8,#NULL!,#NULL!,#NULL!,#NULL!,#NULL!,3,#N/A,51.82,2.0,0,0,1,27.1,7.90,4.38,0.00,0.77,55.09
,Maldives, 1.8 ," 540,544 ",20.000%,1.9,30,3.20,73.22,3.20,28.3,75.0,#N/A,#N/A,#N/A,#N/A,#N/A,3,#N/A,#DIV/0!,-0.3,0,0,0,#DIV/0!,8.56,4.48,0.04,0.79,62.45
New Caledonia,France, 2.5 ," 280,000 ",20.000%,1.9,42,-20.90,165.62,20.90,27.2,80.8,68,71,43,86,63,4.44,4.43,46.64,0.3,698,698,128,10.5,10.69,6.90,0.04,0.53,72.86
,El Salvador, 3.2 ," 6,378,000 ",7.777%,2.1,28,13.79,-88.90,13.79,33.4,62.9,66,19,40,94,20,4.49,3.72,#DIV/0!,4.4,0,0,0,#DIV/0!,9.30,5.98,-0.07,0.80,66.72
,Tanzania, 4.0 ," 59,734,218 ",4.112%,4.9,18,-6.37,34.89,6.37,25.9,86.9,#NULL!,#NULL!,#NULL!,#NULL!,34,3,#N/A,49.26,1.9,0,0,0,#DIV/0!,7.90,4.38,0.00,0.77,55.09
Northern Territory,Australia, 2.5 ," 211,000 ",20.000%,1.8,38,-12.46,130.85,12.46,30.9,78.0,38,90,61,51,21,3,0,47.51,-0.1,2585,872,74,6.5,10.71,7.17,0.16,0.43,72.18
,Djibouti, 1.0 ," 988,000 ",20.000%,2.8,27,11.83,42.59,11.83,27.3,70.8,#N/A,#N/A,#N/A,#N/A,#N/A,3,#N/A,#DIV/0!,1.9,0,0,0,#DIV/0!,7.90,4.38,0.00,0.77,55.09
,Equatorial Guinea, 2.4 ," 1,402,985 ",20.000%,4.6,22,1.50,10.00,1.50,29.7,78.2,#N/A,#N/A,#N/A,#N/A,#N/A,3,#N/A,#DIV/0!,0.8,0,0,0,#DIV/0!,7.90,4.38,0.00,0.77,55.09
,Dominica, 0.4 ," 71,986 ",20.000%,N.A.,30,15.42,-61.37,15.42,26.2,75.5,#N/A,#N/A,#N/A,#N/A,#N/A,3,#N/A,#DIV/0!,2.1,0,0,0,#DIV/0!,9.30,5.98,-0.07,0.80,66.72
St Martin,France, 0.8 ," 32,000 ",20.000%,1.9,42,18.07,-63.05,18.07,25.8,75.7,68,71,43,86,63,4.44,4.43,46.64,0.3,698,698,128,10.5,10.69,6.90,0.04,0.53,72.86
,Mali, 2.8 ," 20,250,833 ",4.477%,5.9,16,17.00,-4.00,17.00,20.0,80.0,#NULL!,#NULL!,#NULL!,#NULL!,20,3,#N/A,#DIV/0!,2.4,0,0,0,#DIV/0!,7.90,4.38,0.00,0.77,55.09
,Mongolia, 2.5 ," 3,278,290 ",23.250%,2.9,28,46.86,103.85,46.86,-5.5,64.5,90,0,70,0,90,3,#N/A,#DIV/0!,1.7,0,0,1,58.5,10.32,5.71,-0.05,0.70,71.09
,Niger, 2.2 ," 21,480,000 ",2.931%,7,15,17.61,8.08,17.61,32.2,11.7,#N/A,#N/A,#N/A,#N/A,#N/A,3,#N/A,#DIV/0!,1.5,0,0,0,#DIV/0!,7.90,4.38,0.00,0.77,55.09
,Bahamas, 2.5 ," 393,244 ",20.000%,1.8,32,22.00,-77.00,22.00,20.0,80.0,#N/A,#N/A,#N/A,#N/A,#N/A,3,#N/A,#DIV/0!,3.3,0,0,0,#DIV/0!,9.30,5.98,-0.07,0.80,66.72
Greenland,Denmark, 1.4 ," 56,770 ",20.000%,1.8,42,71.71,-42.60,71.71,-35.2,96.3,18,74,16,23,35,4.04,4.4,#DIV/0!,0.0,0,0,0,#DIV/0!,10.69,6.90,0.04,0.53,72.86
Prince Edward Island,Canada, 2.0 ," 156,000 ",20.000%,1.5,41,46.51,-63.42,46.51,-3.1,87.3,39,80,52,48,36,3,0,49.14,0.5,5017,2224,83,7.5,10.71,7.17,0.16,0.43,72.18
,Eswatini, 1.5 ," 1,160,164 ",20.000%,3,21,-26.52,31.47,26.52,27.5,78.8,#N/A,#N/A,#N/A,#N/A,#N/A,3,#N/A,#DIV/0!,2.9,0,0,0,#DIV/0!,7.90,4.38,0.00,0.77,55.09
Curacao,Netherlands, 2.1 ," 161,000 ",20.000%,1.7,43,12.17,-68.99,12.17,26.5,78.7,38,80,14,53,67,4.46,4.46,46.08,-0.6,908,359,26,11.7,10.69,6.90,0.04,0.53,72.86
Cayman Islands,United Kingdom, 1.2 ," 61,000 ",20.000%,1.8,40,19.31,-81.25,19.31,26.0,75.5,35,89,66,35,51,3,0,47.31,0.2,2375,1761,80,10.2,10.69,6.90,0.04,0.53,72.86
,Guinea, 2.4 ," 13,132,795 ",12.151%,4.7,18,9.95,-9.70,9.95,39.2,17.7,#N/A,#N/A,#N/A,#N/A,#N/A,3,#N/A,#DIV/0!,2.2,0,0,0,#DIV/0!,7.90,4.38,0.00,0.77,55.09
,Haiti, 2.2 ," 10,980,000 ",9.862%,3,24,18.97,-72.29,18.97,28.1,73.7,#N/A,#N/A,#N/A,#N/A,#N/A,3,#N/A,#DIV/0!,2.3,0,0,0,#DIV/0!,9.30,5.98,-0.07,0.80,66.72
,Namibia, 2.5 ," 2,540,905 ",20.000%,3.4,22,-22.96,18.49,22.96,28.9,46.6,3.81,3.52,5.29,0,0,3.81,3.52,#DIV/0!,2.8,0,0,0,#DIV/0!,7.90,4.38,0.00,0.77,55.09
,Suriname, 1.4 ," 586,632 ",20.000%,2.4,29,3.92,-56.03,3.92,32.4,72.8,85,47,37,92,#NULL!,3,#N/A,#DIV/0!,2.1,0,0,0,#DIV/0!,9.30,5.98,-0.07,0.80,66.72
,Gabon, 2.8 ," 2,225,734 ",24.307%,4,23,-0.80,11.61,0.80,34.0,76.3,#N/A,#N/A,#N/A,#N/A,#N/A,3,#N/A,#DIV/0!,2.1,0,0,0,#DIV/0!,7.90,4.38,0.00,0.77,55.09
,Antigua and Barbuda, 0.9 ," 97,929 ",20.000%,2,34,17.06,-61.80,17.06,26.0,74.8,#N/A,#N/A,#N/A,#N/A,#N/A,3,#N/A,#DIV/0!,2.3,0,0,0,#DIV/0!,9.30,5.98,-0.07,0.80,66.72
,Grenada, 0.7 ," 107,825 ",20.000%,2.1,32,12.12,-61.68,12.12,26.6,77.0,#N/A,#N/A,#N/A,#N/A,#N/A,3,#N/A,#DIV/0!,2.3,0,0,0,#DIV/0!,9.30,5.98,-0.07,0.80,66.72
,Mozambique, 2.6 ," 31,255,435 ",3.481%,4.9,18,-18.67,35.53,18.67,30.2,87.3,#N/A,#N/A,#N/A,#N/A,#N/A,3,#N/A,#DIV/0!,1.2,0,0,0,#DIV/0!,7.90,4.38,0.00,0.77,55.09
,Seychelles, 0.9 ," 98,347 ",20.000%,2.5,34,-4.68,55.49,4.68,28.9,74.6,#N/A,#N/A,#N/A,#N/A,#N/A,3,#N/A,#DIV/0!,2.5,0,0,0,#DIV/0!,7.90,4.38,0.00,0.77,55.09
,Benin, 2.4 ," 12,123,200 ",6.285%,4.9,19,9.31,2.32,9.31,39.0,25.2,#N/A,#N/A,#N/A,#N/A,#N/A,3,#N/A,#DIV/0!,1.8,0,0,0,#DIV/0!,7.90,4.38,0.00,0.77,55.09
,Eritrea, 1.1 ," 3,546,421 ",20.000%,4.1,19,15.18,39.78,15.18,22.3,53.9,#N/A,#N/A,#N/A,#N/A,#N/A,3,#N/A,#DIV/0!,2.1,0,0,0,#DIV/0!,7.90,4.38,0.00,0.77,55.09
,Laos, 2.9 ," 7,275,560 ",8.951%,2.7,24,19.00,103.00,19.00,20.0,80.0,#N/A,#N/A,#N/A,#N/A,#N/A,3,#N/A,#DIV/0!,1.9,0,0,0,#DIV/0!,9.37,5.38,0.16,0.70,64.71
,Cabo Verde, 1.0 ," 546,388 ",20.000%,2.3,28,16.54,-23.04,16.54,21.8,77.5,#N/A,#N/A,#N/A,#N/A,#N/A,3,#N/A,#DIV/0!,0.4,0,0,0,#DIV/0!,9.30,5.98,-0.07,0.80,66.72
,Guyana, 1.5 ," 786,552 ",20.000%,2.5,27,5.00,-58.75,5.00,31.6,76.4,#N/A,#N/A,#N/A,#N/A,#N/A,3,#N/A,#DIV/0!,2.9,0,0,0,#DIV/0!,9.30,5.98,-0.07,0.80,66.72
,Zimbabwe, 2.9 ," 14,862,924 ",12.544%,3.6,19,-20.00,30.00,20.00,27.5,69.0,#NULL!,#NULL!,#NULL!,#NULL!,15,4.04,4.2,49.77,1.9,0,0,0,#DIV/0!,7.90,4.38,0.00,0.77,55.09
,Fiji, 1.7 ," 896,445 ",20.000%,2.8,28,-17.71,178.07,17.71,28.7,82.7,#N/A,#N/A,#N/A,#N/A,#N/A,3,#N/A,49.27,0.8,0,0,0,#DIV/0!,9.30,5.98,-0.07,0.80,66.72
Saint Barthelemy,France, 0.3 ," 10,000 ",20.000%,1.9,42,17.90,-62.83,17.90,25.9,75.4,68,71,43,86,63,4.44,4.43,46.64,0.3,698,698,128,10.5,10.69,6.90,0.04,0.53,72.86
,Syria, 3.6 ," 17,500,658 ",10.810%,2.8,26,34.80,39.00,34.80,13.8,60.2,#N/A,#N/A,#N/A,#N/A,#N/A,3,#N/A,#DIV/0!,0.8,0,0,0,#DIV/0!,9.71,5.23,-0.08,0.76,65.31
Montserrat,United Kingdom, 0.2 ," 4,000 ",20.000%,1.8,40,16.74,-62.19,16.74,25.8,75.8,35,89,66,35,51,3,0,47.31,0.2,2375,1761,80,10.2,10.69,6.90,0.04,0.53,72.86
,Angola, 4.7 ," 29,780,000 ",7.365%,5.6,17,-11.20,17.87,11.20,23.4,85.4,#N/A,#N/A,#N/A,#N/A,#N/A,3,#N/A,#DIV/0!,1.6,0,0,0,#DIV/0!,7.90,4.38,0.00,0.77,55.09
,Congo (Brazzaville), 1.3 ," 1,800,000 ",20.000%,#N/A,18,-4.04,21.76,4.04,33.3,75.5,#N/A,#N/A,#N/A,#N/A,#N/A,3,#N/A,#DIV/0!,0.4,0,0,0,#DIV/0!,7.90,4.38,0.00,0.77,55.09
,Holy See, 0.0 , 801 ,20.000%,N.A.,40,41.90,12.45,41.90,15.8,64.7,#N/A,#N/A,#N/A,#N/A,#N/A,3,#N/A,#DIV/0!,0.4,0,0,0,#DIV/0!,10.69,6.90,0.04,0.53,72.86
,Nepal, 3.2 ," 29,136,808 ",20.000%,1.9,25,28.17,84.25,28.17,21.1,53.9,#N/A,#N/A,#N/A,#N/A,#N/A,3,#N/A,#DIV/0!,0.8,0,0,2,47.2,8.56,4.48,0.04,0.79,62.45
,Gambia, 0.7 ," 2,000,000 ",20.000%,5.3,18,13.00,-15.00,13.00,20.0,80.0,#N/A,#N/A,#N/A,#N/A,#N/A,3,#N/A,#DIV/0!,2.2,0,0,0,#DIV/0!,7.90,4.38,0.00,0.77,55.09
,Sudan, 4.7 ," 43,849,260 ",3.809%,4.4,20,12.86,30.22,12.86,32.3,14.9,#N/A,#N/A,#N/A,#N/A,#N/A,3,#N/A,#DIV/0!,1.6,0,0,0,#DIV/0!,7.90,4.38,0.00,0.77,55.09
,Bhutan, 1.1 ," 771,608 ",20.000%,2,28,27.51,90.43,27.51,8.9,73.8,#N/A,#N/A,#N/A,#N/A,#N/A,3,#N/A,#DIV/0!,0.1,0,0,0,#DIV/0!,10.32,5.71,-0.05,0.70,71.09
,Central African Republic, 1.1 ," 4,829,767 ",13.518%,4.8,18,6.61,20.94,6.61,40.8,28.0,#N/A,#N/A,#N/A,#N/A,#N/A,3,#N/A,#DIV/0!,3.0,0,0,0,#DIV/0!,7.90,4.38,0.00,0.77,55.09
,Chad, 2.4 ," 14,900,000 ",4.037%,5.8,17,15.45,18.73,15.45,35.3,12.6,#N/A,#N/A,#N/A,#N/A,#N/A,3,#N/A,#DIV/0!,2.2,0,0,0,#DIV/0!,7.90,4.38,0.00,0.77,55.09
,Liberia, 1.4 ," 5,057,681 ",10.736%,4.4,19,6.43,-9.43,6.43,30.3,79.9,#N/A,#N/A,#N/A,#N/A,#N/A,3,#N/A,#DIV/0!,1.2,0,0,0,#DIV/0!,7.90,4.38,0.00,0.77,55.09
,Mauritania, 1.8 ," 4,649,658 ",9.168%,4.6,20,21.01,10.94,21.01,29.7,15.8,#N/A,#N/A,#N/A,#N/A,#N/A,3,#N/A,#DIV/0!,2.3,0,0,0,#DIV/0!,7.90,4.38,0.00,0.77,55.09
Sint Maarten,Netherlands, 1.1 ," 40,000 ",20.000%,1.7,43,18.04,-63.05,18.04,25.8,75.7,38,80,14,53,67,4.46,4.46,46.08,-0.6,908,359,26,11.7,10.69,6.90,0.04,0.53,72.86
,Saint Lucia, 1.0 ," 183,627 ",20.000%,1.4,34,13.91,-60.98,13.91,27.1,75.3,#N/A,#N/A,#N/A,#N/A,#N/A,3,#N/A,#DIV/0!,3.0,0,0,0,#DIV/0!,9.30,5.98,-0.07,0.80,66.72
,Somalia, 2.2 ," 15,893,222 ",7.444%,6.1,17,5.15,46.20,5.15,36.4,58.0,#N/A,#N/A,#N/A,#N/A,#N/A,3,#N/A,#DIV/0!,1.5,0,0,0,#DIV/0!,7.90,4.38,0.00,0.77,55.09
,Nicaragua, 2.7 ," 6,218,000 ",20.000%,2.4,26,12.87,-85.21,12.87,31.5,72.5,#N/A,#N/A,#N/A,#N/A,#N/A,3,#N/A,#DIV/0!,2.0,0,0,0,#DIV/0!,9.30,5.98,-0.07,0.80,66.72
,Belize, 1.0 ," 374,000 ",20.000%,2.3,25,17.00,-88.00,17.00,20.0,80.0,#N/A,#N/A,#N/A,#N/A,#N/A,3,#N/A,#DIV/0!,3.6,0,0,0,#DIV/0!,9.30,5.98,-0.07,0.80,66.72
,Guinea-Bissau, 0.8 ," 1,800,000 ",20.000%,4.5,19,11.00,-15.00,11.00,20.0,80.0,#N/A,#N/A,#N/A,#N/A,#N/A,3,#N/A,#DIV/0!,2.3,0,0,0,#DIV/0!,7.90,4.38,0.00,0.77,55.09
,Saint Kitts and Nevis, 0.6 ," 55,000 ",20.000%,2.11,25,17.00,-63.00,17.00,20.0,80.0,#N/A,#N/A,#N/A,#N/A,#N/A,3,#N/A,#DIV/0!,3.5,0,0,0,#DIV/0!,9.30,5.98,-0.07,0.80,66.72
Tibet,China, 3.4 ," 3,370,000 ",20.000%,1.7,38,31.69,88.09,31.69,-2.9,32.4,80,20,66,30,87,3.77,4.37,43,-0.5,7895,1764,390,37.8,10.32,5.71,-0.05,0.70,71.09
,Libya, 3.5 ," 6,000,000 ",31.510%,2.3,29,26.00,17.00,26.00,20.0,80.0,#N/A,#N/A,#N/A,#N/A,#N/A,3,#N/A,#DIV/0!,0.9,0,0,0,#DIV/0!,9.71,5.23,-0.08,0.76,65.31
,Papua New Guinea, 3.0 ," 8,251,000 ",20.000%,3.6,22,-6.32,143.96,6.32,21.2,92.7,#N/A,#N/A,#N/A,#N/A,#N/A,3,#N/A,#DIV/0!,2.1,0,0,0,#DIV/0!,9.30,5.98,-0.07,0.80,66.72
,Saint Vincent and the Grenadines, 0.6 ," 109,000 ",20.000%,1.9,25,12.98,-61.29,12.98,26.3,76.6,#N/A,#N/A,#N/A,#N/A,#N/A,3,#N/A,#DIV/0!,3.6,0,0,0,#DIV/0!,9.30,5.98,-0.07,0.80,66.72
,Timor-Leste, 1.4 ," 1,296,000 ",20.000%,5.5,20.8,-8.87,125.73,8.87,27.1,80.0,#N/A,#N/A,#N/A,#N/A,#N/A,3,#N/A,#DIV/0!,1.4,0,0,0,#DIV/0!,9.30,5.98,-0.07,0.80,66.72
,Botswana, 2.8 ," 2,300,000 ",20.000%,2.7,24.5,-22.00,24.00,22.00,,,#N/A,#N/A,#N/A,#N/A,#N/A,3,#N/A,52.11,2.7,0,0,0,#DIV/0!,7.90,4.38,0.00,0.77,55.09
,Burma, 4.2 ," 53,000,000 ",20.000%,2.2,28.2,42.00,47.00,42.00,,,#N/A,#N/A,#N/A,#N/A,#N/A,3,#N/A,#DIV/0!,0.4,0,0,0,#DIV/0!,10.32,5.71,-0.05,0.70,71.09
,Burundi, 1.4 ," 11,000,000 ",20.000%,5.7,17.3,-3.00,29.00,3.00,,,#N/A,#N/A,#N/A,#N/A,#N/A,3,#N/A,#DIV/0!,1.8,0,0,0,#DIV/0!,7.90,4.38,0.00,0.77,55.09
Northwest Territories,Canada, 1.1 ," 44,000 ",20.000%,1.6,32.3,65.00,-124.00,65.00,,,39,80,52,48,36.02015113,3,0,49.14,0.5,5017,2224,83,7.5,10.71,7.17,0.16,0.43,72.18
Yukon,Canada, 0.9 ," 35,000 ",20.000%,1.6,39.1,65.00,-124.00,65.00,,,39,80,52,48,36.02015113,3,0,49.14,0.5,5017,2224,83,7.5,10.71,7.17,0.16,0.43,72.18
,Kosovo, 2.1 ," 1,800,000 ",20.000%,2.1,29.1,42.00,20.00,42.00,,,#N/A,#N/A,#N/A,#N/A,#N/A,3,#N/A,#DIV/0!,0.5,0,0,1,30.4,9.98,5.88,-0.10,0.85,68.15
,MS Zaandam, 0.0 ," 1,430 ",20.000%,2,57,26.00,-79.00,26.00,,,#N/A,#N/A,#N/A,#N/A,#N/A,3,#N/A,#DIV/0!,0.4,0,0,0,#DIV/0!,10.71,7.17,0.16,0.43,72.18
,Sierra Leone, 1.6 ," 7,600,000 ",13.580%,4.5,19.4,8.00,-11.00,8.00,,,#N/A,#N/A,#N/A,#N/A,#N/A,3,#N/A,#DIV/0!,0.5,0,0,0,#DIV/0!,7.90,4.38,0.00,0.77,55.09
Anguilla,United Kingdom, 0.5 ," 15,000 ",20.000%,1.7,35,18.00,-63.00,18.00,,,35,89,66,35,51.13350126,3,0,47.31,0.2,2375,1761,80,10.2,10.69,6.90,0.04,0.53,72.86
British Virgin Islands,United Kingdom, 0.8 ," 31,000 ",20.000%,1.33,36.7,18.00,-64.00,18.00,,,35,89,66,35,51.13350126,3,0,47.31,0.2,2375,1761,80,10.2,10.69,6.90,0.04,0.53,72.86
Turks and Caicos Islands,United Kingdom, 0.9 ," 35,000 ",20.000%,1.7,33.8,21.00,-71.00,21.00,,,35,89,66,35,51.13350126,3,0,47.31,0.2,2375,1761,80,10.2,10.69,6.90,0.04,0.53,72.86
,West Bank and Gaza, 3.6 ," 3,200,000 ",20.000%,3.2,21.4,31.00,35.00,31.00,,,#N/A,#N/A,#N/A,#N/A,#N/A,3,#N/A,#DIV/0!,1.0,0,0,0,#DIV/0!,9.71,5.23,-0.08,0.76,65.31
