Province_State,Country_Region,EN.ATM.PM25.MC.ZS,EN.POP.DNST,IS.AIR.PSGR,NE.TRD.GNFS.ZS,NY.GDP.PCAP.PP.CD,SH.DTH.COMM.ZS,SH.DTH.NCOM.ZS,SH.DYN.NCOM.ZS,SH.STA.BASS.ZS,SH.TBS.CURE.ZS,SH.TBS.DTEC.ZS,SH.TBS.INCD,SH.XPD.CHEX.PP.CD,SH.XPD.OOPC.CH.ZS,SL.TLF.CACT.ZS,SM.POP.TOTL,SP.DYN.AMRT.FE,SP.DYN.AMRT.MA,SP.DYN.CDRT.IN,SP.DYN.LE00.IN,SP.DYN.TO65.FE.ZS,SP.DYN.TO65.MA.ZS,SP.POP.1564.TO.ZS,SP.POP.65UP.TO.ZS,SP.POP.TOTL,SP.URB.TOTL.IN.ZS,ST.INT.ARVL
,Afghanistan,100.0,51.6749287749288,1929907,55.1255265979591,1924.55971464203,40.6,44.8,29.8,39.22043325002,88,56,189.0,183.92785762,78.38229648,65.2689971923828,382365,206.74599999999998,248.72400000000002,6.9239999999999995,63.288000000000004,65.91763,59.86299,52.974876405355,2.49313992141566,33736494,24.803,741000.0
,Albania,100.0,105.135145985401,3496190,71.8010161004583,11662.044932818799,2.9,93.1,17.4,97.69065534071959,87,87,16.0,758.23153065,56.68625032,56.451000213623,57616,51.035,79.984,7.2170000000000005,78.17399999999999,90.62333000000001,85.38936,69.4364209304935,12.536704440655802,2880703,57.434,3784000.0
,Algeria,100.0,16.7405040012764,5400896,59.695129120419395,14657.7828926501,15.3,75.0,14.4,87.4876863565245,90,80,74.0,1020.54641371,28.20843254,41.4620018005371,242391,84.44,107.191,4.773,75.86,85.06557,81.0472,65.4771996698998,5.869785075706151,39871528,70.848,1710000.0
,Andorra,90.8480627384849,165.987234042553,1489035,115.91482620194598,18389.7421006552,2.3,90.8,24.5,100.0,100,87,5.9,5097.37986813,42.38849053,64.2730026245117,42082,82.36,245.38400000000001,12.6,73.6243902439025,85.48163000000001,60.41797,69.5287215421159,14.3353435018257,78014,88.345,2663000.0
,Angola,100.0,22.3464385978985,1244491,62.888520784974396,7102.987586957329,63.4,27.2,16.9,39.429422840720704,85,58,366.0,195.75734656,33.52316573,77.8479995727539,106845,206.21900000000002,279.712,8.683,61.24100000000001,65.38931,55.42365,50.6133839304319,2.30631381507902,27859305,63.446000000000005,592000.0
,Antigua and Barbuda,100.0,227.097727272727,1039810,93.6295425365057,21427.1773244112,12.6,81.1,22.6,87.5042823844152,50,87,4.4,1012.12160864,25.79987354,66.431999206543,28083,106.995,153.01,5.794,76.207,84.7282,78.12162,68.8580206759205,6.5830689631015895,99923,25.0,250000.0
,Argentina,98.02192869451609,15.8650650968871,14245183,22.4862260889792,20416.5481792635,15.5,78.1,16.1,94.8398814623159,47,87,25.0,1808.94614677,13.54572906,60.1500015258789,2086302,74.547,152.35399999999998,7.57,76.415,87.49356999999999,76.19645,63.8777606355371,10.926301710832,43417765,91.50299999999999,5736000.0
,Armenia,100.0,102.456972251493,1803112,71.5932653468932,8753.124457719141,3.1,92.9,23.0,91.58276665231091,79,80,50.0,883.02180722,81.62987756,59.7910003662109,191199,75.161,175.81400000000002,9.693999999999999,74.445,86.35999,71.88195,69.24619894067429,10.909237388368002,2916950,63.085,1192000.0
Australian Capital Territory,Australia,26.046666752199698,3.10011259648803,69779346,41.5473873260458,46185.0853384234,4.4,89.6,9.3,100.0,73,87,6.1,4423.48042444,18.9466257,65.0410003662109,6763663,54.153,84.738,6.6,82.4,93.36879,89.1856,66.1877053504696,14.9770273025262,23815995,85.70100000000001,7450000.0
New South Wales,Australia,26.046666752199698,3.10011259648803,69779346,41.5473873260458,46185.0853384234,4.4,89.6,9.3,100.0,73,87,6.1,4423.48042444,18.9466257,65.0410003662109,6763663,54.153,84.738,6.6,82.4,93.36879,89.1856,66.1877053504696,14.9770273025262,23815995,85.70100000000001,7450000.0
Northern Territory,Australia,26.046666752199698,3.10011259648803,69779346,41.5473873260458,46185.0853384234,4.4,89.6,9.3,100.0,73,87,6.1,4423.48042444,18.9466257,65.0410003662109,6763663,54.153,84.738,6.6,82.4,93.36879,89.1856,66.1877053504696,14.9770273025262,23815995,85.70100000000001,7450000.0
Queensland,Australia,26.046666752199698,3.10011259648803,69779346,41.5473873260458,46185.0853384234,4.4,89.6,9.3,100.0,73,87,6.1,4423.48042444,18.9466257,65.0410003662109,6763663,54.153,84.738,6.6,82.4,93.36879,89.1856,66.1877053504696,14.9770273025262,23815995,85.70100000000001,7450000.0
South Australia,Australia,26.046666752199698,3.10011259648803,69779346,41.5473873260458,46185.0853384234,4.4,89.6,9.3,100.0,73,87,6.1,4423.48042444,18.9466257,65.0410003662109,6763663,54.153,84.738,6.6,82.4,93.36879,89.1856,66.1877053504696,14.9770273025262,23815995,85.70100000000001,7450000.0
Tasmania,Australia,26.046666752199698,3.10011259648803,69779346,41.5473873260458,46185.0853384234,4.4,89.6,9.3,100.0,73,87,6.1,4423.48042444,18.9466257,65.0410003662109,6763663,54.153,84.738,6.6,82.4,93.36879,89.1856,66.1877053504696,14.9770273025262,23815995,85.70100000000001,7450000.0
Victoria,Australia,26.046666752199698,3.10011259648803,69779346,41.5473873260458,46185.0853384234,4.4,89.6,9.3,100.0,73,87,6.1,4423.48042444,18.9466257,65.0410003662109,6763663,54.153,84.738,6.6,82.4,93.36879,89.1856,66.1877053504696,14.9770273025262,23815995,85.70100000000001,7450000.0
Western Australia,Australia,26.046666752199698,3.10011259648803,69779346,41.5473873260458,46185.0853384234,4.4,89.6,9.3,100.0,73,87,6.1,4423.48042444,18.9466257,65.0410003662109,6763663,54.153,84.738,6.6,82.4,93.36879,89.1856,66.1877053504696,14.9770273025262,23815995,85.70100000000001,7450000.0
,Austria,91.47446535223258,104.73079268267401,14718641,102.43005467025299,49877.7133112879,2.4,92.2,11.5,99.9733750252992,73,87,7.5,5194.06565217,19.00804959,60.0999984741211,1492374,44.687,84.68799999999999,9.6,81.19024390243901,92.78527,86.00514,67.0395546223339,18.840484190123,8642699,57.715,26728000.0
,Azerbaijan,100.0,116.731079539702,1803112,72.6015079073189,17834.1160526688,9.1,86.2,22.5,89.3490808342493,83,80,71.0,1220.14771263,77.99325565,65.5149993896484,264241,85.616,174.18,5.7,71.921,83.27203,70.85146999999999,71.3514054195463,5.738111963586321,9649341,54.714,1922000.0
,Bahamas,99.9999999987145,38.64515484515479,900028,73.6870669843881,30338.350503536698,15.7,74.6,15.6,92.01119676522791,82,87,18.0,1344.1155412,26.89450223,74.68499755859379,59306,118.76299999999999,198.415,6.256,75.527,83.33811999999999,73.1986,71.0147400203703,8.30606093506842,386838,82.74600000000001,1484000.0
,Bahrain,100.0,1763.3096994705102,5313756,154.067392842373,46912.763168502,7.0,82.9,11.7,100.0,88,87,15.0,2326.8212774,25.84038665,71.640998840332,704137,58.897,74.471,2.3480000000000003,76.76100000000001,88.61117,85.93321,76.8259765062634,2.32437101588725,1371855,88.999,9670000.0
,Bangladesh,100.0,1238.38738572636,3997815,42.0859963070382,3345.53142141565,27.0,65.4,21.7,46.92459322988461,93,58,221.0,88.04646301,71.81633672,56.476001739502,1422805,109.465,150.041,5.312,72.155,78.63568000000001,72.53321,65.5400287316039,5.0381689589472805,161200886,34.308,1865000.0
,Barbados,100.0,660.96976744186,4448883,79.0004690073405,17579.178128210802,12.9,82.8,16.3,96.4561016902695,53,87,0.0,1258.89982661,45.22794233,65.6699981689453,34475,74.168,124.01899999999999,10.661,75.755,87.59658,79.37095,66.4703378052685,14.163825527677801,284217,31.249000000000002,592000.0
,Belarus,100.0,46.751941760932,1489035,115.91482620194598,18389.7421006552,2.3,90.8,24.5,94.2539798637126,89,80,50.0,1113.25880532,36.20292948,64.2730026245117,1082905,82.36,245.38400000000001,12.6,73.6243902439025,85.48163000000001,60.41797,69.5287215421159,14.3353435018257,9489616,77.181,4385600.0
,Belgium,95.1043453766346,372.33143989432,11473055,160.172010329671,45582.0976862492,7.8,85.9,11.6,99.4860606074059,79,87,9.5,4604.54395382,16.45771346,53.4449996948242,1387940,53.933,89.305,9.8,80.9926829268293,91.31411999999999,85.51732,64.85353394862129,18.142309402778498,11274196,97.876,8355000.0
,Belize,100.0,15.751337132836499,935604,122.330411319895,8558.204663739642,19.1,67.3,22.4,87.157202303199,67,87,25.0,515.53925675,23.42412464,66.431999206543,53860,128.639,220.34599999999998,5.523,70.192,79.58245,67.02989000000001,63.7833715570795,3.76244127273942,359288,45.406000000000006,341000.0
,Benin,100.0,93.7916991841078,112392,58.797884775072404,2122.2354013842396,54.8,35.1,19.7,13.9301122458203,88,63,60.0,84.47116607,40.49658741,71.0139999389648,245399,219.592,266.315,9.318999999999999,60.638999999999996,62.838190000000004,57.014340000000004,53.73519093127499,3.22771888525969,10575952,45.695,255000.0
,Bhutan,100.0,20.657082406445,162864,96.4182116610232,8273.41483709925,21.1,68.2,23.7,62.87050065048761,92,80,153.0,287.31702071,19.79465735,66.6060028076172,51106,209.35299999999998,206.653,6.042999999999999,69.817,68.86108,69.40503000000001,67.9026551145182,4.67953456119362,787386,38.678000000000004,155000.0
,Bolivia,99.9997322955159,9.90003230868642,4115271,67.9328449414657,6975.556981959439,23.1,63.8,17.4,52.6140267297645,84,62,117.0,446.68589944,25.87488943,67.04599761962889,142989,152.314,216.726,7.353,68.756,73.22086999999999,65.67491,61.089298027311706,6.46546455123941,10724705,68.393,882000.0
,Bosnia and Herzegovina,100.0,69.06173828125,7071,88.08738013415122,11650.479003631599,1.8,94.4,18.2,94.7820992357338,65,80,39.0,1077.5021714000002,28.81612434,46.7389984130859,34803,64.788,127.346,10.886,76.735,88.63385,79.4999,69.8052099556528,15.7170568340544,3535961,47.173,678000.0
,Botswana,100.0,3.89814726589381,226549,105.794545059157,16054.6784594191,47.9,43.9,20.7,59.9559063382571,79,63,356.0,976.39405165,5.26085,71.6750030517578,160644,194.62900000000002,302.561,7.022,65.846,71.60821,58.34595,64.4824341152011,3.7259692096268497,2209197,67.155,1528000.0
,Brazil,74.9277515309761,24.6420983615972,102039359,26.9536259376792,15699.442885279299,13.8,74.0,17.0,86.14835205188679,71,87,42.0,1788.71788542,44.6772881,64.0989990234375,713568,95.103,193.622,6.0920000000000005,75.28399999999999,84.70549,72.6323,69.5292975929339,7.960422991980639,205962108,85.77,6306000.0
,Brunei,0.0,79.22998102466791,1150003,84.8970637867027,79671.7678070956,8.0,84.4,17.0,96.33040521667441,74,87,58.0,1896.28120319,4.97357672,65.78399658203129,102733,73.057,103.12899999999999,3.512,77.046,88.06858000000001,83.38042,72.2382419014135,4.095156894396251,417542,76.663,218000.0
,Bulgaria,99.9662317940315,66.12003500368459,1063498,128.06101482130398,18186.4863591477,2.3,95.2,23.8,85.9811123144257,84,80,28.0,1481.01460901,47.66826791,54.1800003051758,102113,85.92,234.554,15.3,74.6146341463415,86.70101,71.44754,65.9170261749526,20.0764734173787,7177991,73.99,7099000.0
,Burkina Faso,100.0,66.1938011695906,122590,47.9479044078272,1704.8594897816101,57.3,32.0,21.9,22.5320811837064,78,60,52.0,99.02623501,36.02974972,66.72499847412111,704676,242.487,273.42900000000003,8.818,59.927,60.50189,56.273509999999995,52.0181855688683,2.40787396392306,18110624,27.53,163000.0
,Burma,100.0,16.7405040012764,5400896,59.695129120419395,14657.7828926501,15.3,75.0,14.4,87.4876863565245,90,80,74.0,1020.54641371,28.20843254,41.4620018005371,242391,84.44,107.191,4.773,75.86,85.06557,81.0472,65.4771996698998,5.869785075706151,39871528,70.848,1710000.0
,Burundi,100.0,397.16783489096605,41812,22.850711085490698,761.255578529508,56.8,31.3,22.8,50.46031706594621,92,55,122.0,38.13249141,41.53365581,78.4769973754883,286810,265.20799999999997,323.166,11.032,57.093999999999994,57.61885,50.32161,52.7448238942591,2.5024830208436497,10199270,12.078,131000.0
,Cabo Verde,100.0,132.236476426799,548908,104.06608898131701,6317.25521439574,19.8,69.8,17.4,65.2069638901171,89,36,139.0,339.55239409,24.01657599,68.3639984130859,14924,102.445,147.85299999999998,5.606,72.59899999999999,82.47511,74.83834,64.3621003803623,4.47127392276038,532913,64.3,520000.0
,Cambodia,100.0,87.90865057783822,1103880,127.86406699658001,3514.6839452407003,26.7,63.2,21.3,48.8254492739503,94,62,368.0,217.07473412,57.33106461,81.0469970703125,73963,142.84,208.468,6.109,68.62,75.91494,66.75045,64.2785256902872,4.11931328453079,15517635,22.188000000000002,4775000.0
,Cameroon,100.0,48.3055615493643,267208,49.8692069982459,3512.6676897790803,54.8,34.0,21.8,38.834985133672205,84,54,212.0,164.5964636,69.74412434,76.3320007324219,381984,324.623,355.63,10.347999999999999,57.582,54.038419999999995,49.750659999999996,53.801511588462404,3.1618923312693,22834522,54.578,897000.0
Alberta,Canada,0.725554041704435,3.9404490675217794,80228302,65.755325111402,44406.665869164295,5.5,88.4,10.0,98.5,84,87,5.2,4617.734333300001,14.465439100000001,65.5419998168945,7835502,54.153,84.738,7.4,81.9,92.06331,88.14307,67.874374170873,16.147699554397,35832513,81.259,17971000.0
British Columbia,Canada,0.725554041704435,3.9404490675217794,80228302,65.755325111402,44406.665869164295,5.5,88.4,10.0,98.5,84,87,5.2,4617.734333300001,14.465439100000001,65.5419998168945,7835502,54.153,84.738,7.4,81.9,92.06331,88.14307,67.874374170873,16.147699554397,35832513,81.259,17971000.0
Manitoba,Canada,0.725554041704435,3.9404490675217794,80228302,65.755325111402,44406.665869164295,5.5,88.4,10.0,98.5,84,87,5.2,4617.734333300001,14.465439100000001,65.5419998168945,7835502,54.153,84.738,7.4,81.9,92.06331,88.14307,67.874374170873,16.147699554397,35832513,81.259,17971000.0
New Brunswick,Canada,0.725554041704435,3.9404490675217794,80228302,65.755325111402,44406.665869164295,5.5,88.4,10.0,98.5,84,87,5.2,4617.734333300001,14.465439100000001,65.5419998168945,7835502,54.153,84.738,7.4,81.9,92.06331,88.14307,67.874374170873,16.147699554397,35832513,81.259,17971000.0
Newfoundland and Labrador,Canada,0.725554041704435,3.9404490675217794,80228302,65.755325111402,44406.665869164295,5.5,88.4,10.0,98.5,84,87,5.2,4617.734333300001,14.465439100000001,65.5419998168945,7835502,54.153,84.738,7.4,81.9,92.06331,88.14307,67.874374170873,16.147699554397,35832513,81.259,17971000.0
Northwest Territories,Canada,0.725554041704435,3.9404490675217794,80228302,65.755325111402,44406.665869164295,5.5,88.4,10.0,98.5,84,87,5.2,4617.734333300001,14.465439100000001,65.5419998168945,7835502,54.153,84.738,7.4,81.9,92.06331,88.14307,67.874374170873,16.147699554397,35832513,81.259,17971000.0
Nova Scotia,Canada,0.725554041704435,3.9404490675217794,80228302,65.755325111402,44406.665869164295,5.5,88.4,10.0,98.5,84,87,5.2,4617.734333300001,14.465439100000001,65.5419998168945,7835502,54.153,84.738,7.4,81.9,92.06331,88.14307,67.874374170873,16.147699554397,35832513,81.259,17971000.0
Ontario,Canada,0.725554041704435,3.9404490675217794,80228302,65.755325111402,44406.665869164295,5.5,88.4,10.0,98.5,84,87,5.2,4617.734333300001,14.465439100000001,65.5419998168945,7835502,54.153,84.738,7.4,81.9,92.06331,88.14307,67.874374170873,16.147699554397,35832513,81.259,17971000.0
Prince Edward Island,Canada,0.725554041704435,3.9404490675217794,80228302,65.755325111402,44406.665869164295,5.5,88.4,10.0,98.5,84,87,5.2,4617.734333300001,14.465439100000001,65.5419998168945,7835502,54.153,84.738,7.4,81.9,92.06331,88.14307,67.874374170873,16.147699554397,35832513,81.259,17971000.0
Quebec,Canada,0.725554041704435,3.9404490675217794,80228302,65.755325111402,44406.665869164295,5.5,88.4,10.0,98.5,84,87,5.2,4617.734333300001,14.465439100000001,65.5419998168945,7835502,54.153,84.738,7.4,81.9,92.06331,88.14307,67.874374170873,16.147699554397,35832513,81.259,17971000.0
Saskatchewan,Canada,0.725554041704435,3.9404490675217794,80228302,65.755325111402,44406.665869164295,5.5,88.4,10.0,98.5,84,87,5.2,4617.734333300001,14.465439100000001,65.5419998168945,7835502,54.153,84.738,7.4,81.9,92.06331,88.14307,67.874374170873,16.147699554397,35832513,81.259,17971000.0
Yukon,Canada,0.725554041704435,3.9404490675217794,80228302,65.755325111402,44406.665869164295,5.5,88.4,10.0,98.5,84,87,5.2,4617.734333300001,14.465439100000001,65.5419998168945,7835502,54.153,84.738,7.4,81.9,92.06331,88.14307,67.874374170873,16.147699554397,35832513,81.259,17971000.0
,Central African Republic,100.0,7.29734501910174,642893,47.190622189673796,663.8265299723159,64.7,26.2,23.7,25.086999751318196,78,59,391.0,42.08366354,29.98105893,72.3519973754883,81598,395.42900000000003,426.72,14.008,51.41,45.32778,39.96351,52.6217637095533,3.65988429642991,4546100,40.277,120500.0
,Chad,100.0,11.1256456480305,41812,66.5641643497065,2207.63074846573,63.7,26.7,24.1,9.548387843000011,77,54,152.0,99.64996053,56.44644876,71.2740020751953,516968,341.536,384.798,13.217,52.575,48.75391,43.79587,49.9576606100484,2.46263708550815,14009413,22.515,120000.0
,Chile,98.5762989258251,23.8895975606296,15006762,58.9528438182819,22959.5543381377,7.5,85.0,12.5,99.8882096998596,62,87,17.0,1891.21277201,34.50925787,62.2649993896484,469436,67.179,110.554,6.066,79.315,88.70764,82.78588,68.7424662977396,10.4192435815292,17762681,87.36,4478000.0
Anhui,China,99.99995516453741,146.05764223722602,436183969,39.453065524530004,14492.4244748065,3.9,89.0,17.4,75.0372785640484,94,87,66.0,703.49509727,35.08928609,69.8939971923828,978046,68.05199999999999,93.429,7.11,76.092,87.55389,83.30372,72.6382619611355,9.67614467934214,1371220000,55.5,56886000.0
Beijing,China,99.99995516453741,146.05764223722602,436183969,39.453065524530004,14492.4244748065,3.9,89.0,17.4,75.0372785640484,94,87,66.0,703.49509727,35.08928609,69.8939971923828,978046,68.05199999999999,93.429,7.11,76.092,87.55389,83.30372,72.6382619611355,9.67614467934214,1371220000,55.5,56886000.0
Chongqing,China,99.99995516453741,146.05764223722602,436183969,39.453065524530004,14492.4244748065,3.9,89.0,17.4,75.0372785640484,94,87,66.0,703.49509727,35.08928609,69.8939971923828,978046,68.05199999999999,93.429,7.11,76.092,87.55389,83.30372,72.6382619611355,9.67614467934214,1371220000,55.5,56886000.0
Fujian,China,99.99995516453741,146.05764223722602,436183969,39.453065524530004,14492.4244748065,3.9,89.0,17.4,75.0372785640484,94,87,66.0,703.49509727,35.08928609,69.8939971923828,978046,68.05199999999999,93.429,7.11,76.092,87.55389,83.30372,72.6382619611355,9.67614467934214,1371220000,55.5,56886000.0
Gansu,China,99.99995516453741,146.05764223722602,436183969,39.453065524530004,14492.4244748065,3.9,89.0,17.4,75.0372785640484,94,87,66.0,703.49509727,35.08928609,69.8939971923828,978046,68.05199999999999,93.429,7.11,76.092,87.55389,83.30372,72.6382619611355,9.67614467934214,1371220000,55.5,56886000.0
Guangdong,China,99.99995516453741,146.05764223722602,436183969,39.453065524530004,14492.4244748065,3.9,89.0,17.4,75.0372785640484,94,87,66.0,703.49509727,35.08928609,69.8939971923828,978046,68.05199999999999,93.429,7.11,76.092,87.55389,83.30372,72.6382619611355,9.67614467934214,1371220000,55.5,56886000.0
Guangxi,China,99.99995516453741,146.05764223722602,436183969,39.453065524530004,14492.4244748065,3.9,89.0,17.4,75.0372785640484,94,87,66.0,703.49509727,35.08928609,69.8939971923828,978046,68.05199999999999,93.429,7.11,76.092,87.55389,83.30372,72.6382619611355,9.67614467934214,1371220000,55.5,56886000.0
Guizhou,China,99.99995516453741,146.05764223722602,436183969,39.453065524530004,14492.4244748065,3.9,89.0,17.4,75.0372785640484,94,87,66.0,703.49509727,35.08928609,69.8939971923828,978046,68.05199999999999,93.429,7.11,76.092,87.55389,83.30372,72.6382619611355,9.67614467934214,1371220000,55.5,56886000.0
Hainan,China,99.99995516453741,146.05764223722602,436183969,39.453065524530004,14492.4244748065,3.9,89.0,17.4,75.0372785640484,94,87,66.0,703.49509727,35.08928609,69.8939971923828,978046,68.05199999999999,93.429,7.11,76.092,87.55389,83.30372,72.6382619611355,9.67614467934214,1371220000,55.5,56886000.0
Hebei,China,99.99995516453741,146.05764223722602,436183969,39.453065524530004,14492.4244748065,3.9,89.0,17.4,75.0372785640484,94,87,66.0,703.49509727,35.08928609,69.8939971923828,978046,68.05199999999999,93.429,7.11,76.092,87.55389,83.30372,72.6382619611355,9.67614467934214,1371220000,55.5,56886000.0
Heilongjiang,China,99.99995516453741,146.05764223722602,436183969,39.453065524530004,14492.4244748065,3.9,89.0,17.4,75.0372785640484,94,87,66.0,703.49509727,35.08928609,69.8939971923828,978046,68.05199999999999,93.429,7.11,76.092,87.55389,83.30372,72.6382619611355,9.67614467934214,1371220000,55.5,56886000.0
Henan,China,99.99995516453741,146.05764223722602,436183969,39.453065524530004,14492.4244748065,3.9,89.0,17.4,75.0372785640484,94,87,66.0,703.49509727,35.08928609,69.8939971923828,978046,68.05199999999999,93.429,7.11,76.092,87.55389,83.30372,72.6382619611355,9.67614467934214,1371220000,55.5,56886000.0
Hong Kong,China,99.99995516453741,146.05764223722602,436183969,39.453065524530004,14492.4244748065,3.9,89.0,17.4,75.0372785640484,94,87,66.0,703.49509727,35.08928609,69.8939971923828,978046,68.05199999999999,93.429,7.11,76.092,87.55389,83.30372,72.6382619611355,9.67614467934214,1371220000,55.5,56886000.0
Hubei,China,99.99995516453741,146.05764223722602,436183969,39.453065524530004,14492.4244748065,3.9,89.0,17.4,75.0372785640484,94,87,66.0,703.49509727,35.08928609,69.8939971923828,978046,68.05199999999999,93.429,7.11,76.092,87.55389,83.30372,72.6382619611355,9.67614467934214,1371220000,55.5,56886000.0
Hunan,China,99.99995516453741,146.05764223722602,436183969,39.453065524530004,14492.4244748065,3.9,89.0,17.4,75.0372785640484,94,87,66.0,703.49509727,35.08928609,69.8939971923828,978046,68.05199999999999,93.429,7.11,76.092,87.55389,83.30372,72.6382619611355,9.67614467934214,1371220000,55.5,56886000.0
Inner Mongolia,China,99.99995516453741,146.05764223722602,436183969,39.453065524530004,14492.4244748065,3.9,89.0,17.4,75.0372785640484,94,87,66.0,703.49509727,35.08928609,69.8939971923828,978046,68.05199999999999,93.429,7.11,76.092,87.55389,83.30372,72.6382619611355,9.67614467934214,1371220000,55.5,56886000.0
Jiangsu,China,99.99995516453741,146.05764223722602,436183969,39.453065524530004,14492.4244748065,3.9,89.0,17.4,75.0372785640484,94,87,66.0,703.49509727,35.08928609,69.8939971923828,978046,68.05199999999999,93.429,7.11,76.092,87.55389,83.30372,72.6382619611355,9.67614467934214,1371220000,55.5,56886000.0
Jiangxi,China,99.99995516453741,146.05764223722602,436183969,39.453065524530004,14492.4244748065,3.9,89.0,17.4,75.0372785640484,94,87,66.0,703.49509727,35.08928609,69.8939971923828,978046,68.05199999999999,93.429,7.11,76.092,87.55389,83.30372,72.6382619611355,9.67614467934214,1371220000,55.5,56886000.0
Jilin,China,99.99995516453741,146.05764223722602,436183969,39.453065524530004,14492.4244748065,3.9,89.0,17.4,75.0372785640484,94,87,66.0,703.49509727,35.08928609,69.8939971923828,978046,68.05199999999999,93.429,7.11,76.092,87.55389,83.30372,72.6382619611355,9.67614467934214,1371220000,55.5,56886000.0
Liaoning,China,99.99995516453741,146.05764223722602,436183969,39.453065524530004,14492.4244748065,3.9,89.0,17.4,75.0372785640484,94,87,66.0,703.49509727,35.08928609,69.8939971923828,978046,68.05199999999999,93.429,7.11,76.092,87.55389,83.30372,72.6382619611355,9.67614467934214,1371220000,55.5,56886000.0
Macau,China,99.99995516453741,146.05764223722602,436183969,39.453065524530004,14492.4244748065,3.9,89.0,17.4,75.0372785640484,94,87,66.0,703.49509727,35.08928609,69.8939971923828,978046,68.05199999999999,93.429,7.11,76.092,87.55389,83.30372,72.6382619611355,9.67614467934214,1371220000,55.5,56886000.0
Ningxia,China,99.99995516453741,146.05764223722602,436183969,39.453065524530004,14492.4244748065,3.9,89.0,17.4,75.0372785640484,94,87,66.0,703.49509727,35.08928609,69.8939971923828,978046,68.05199999999999,93.429,7.11,76.092,87.55389,83.30372,72.6382619611355,9.67614467934214,1371220000,55.5,56886000.0
Qinghai,China,99.99995516453741,146.05764223722602,436183969,39.453065524530004,14492.4244748065,3.9,89.0,17.4,75.0372785640484,94,87,66.0,703.49509727,35.08928609,69.8939971923828,978046,68.05199999999999,93.429,7.11,76.092,87.55389,83.30372,72.6382619611355,9.67614467934214,1371220000,55.5,56886000.0
Shaanxi,China,99.99995516453741,146.05764223722602,436183969,39.453065524530004,14492.4244748065,3.9,89.0,17.4,75.0372785640484,94,87,66.0,703.49509727,35.08928609,69.8939971923828,978046,68.05199999999999,93.429,7.11,76.092,87.55389,83.30372,72.6382619611355,9.67614467934214,1371220000,55.5,56886000.0
Shandong,China,99.99995516453741,146.05764223722602,436183969,39.453065524530004,14492.4244748065,3.9,89.0,17.4,75.0372785640484,94,87,66.0,703.49509727,35.08928609,69.8939971923828,978046,68.05199999999999,93.429,7.11,76.092,87.55389,83.30372,72.6382619611355,9.67614467934214,1371220000,55.5,56886000.0
Shanghai,China,99.99995516453741,146.05764223722602,436183969,39.453065524530004,14492.4244748065,3.9,89.0,17.4,75.0372785640484,94,87,66.0,703.49509727,35.08928609,69.8939971923828,978046,68.05199999999999,93.429,7.11,76.092,87.55389,83.30372,72.6382619611355,9.67614467934214,1371220000,55.5,56886000.0
Shanxi,China,99.99995516453741,146.05764223722602,436183969,39.453065524530004,14492.4244748065,3.9,89.0,17.4,75.0372785640484,94,87,66.0,703.49509727,35.08928609,69.8939971923828,978046,68.05199999999999,93.429,7.11,76.092,87.55389,83.30372,72.6382619611355,9.67614467934214,1371220000,55.5,56886000.0
Sichuan,China,99.99995516453741,146.05764223722602,436183969,39.453065524530004,14492.4244748065,3.9,89.0,17.4,75.0372785640484,94,87,66.0,703.49509727,35.08928609,69.8939971923828,978046,68.05199999999999,93.429,7.11,76.092,87.55389,83.30372,72.6382619611355,9.67614467934214,1371220000,55.5,56886000.0
Tianjin,China,99.99995516453741,146.05764223722602,436183969,39.453065524530004,14492.4244748065,3.9,89.0,17.4,75.0372785640484,94,87,66.0,703.49509727,35.08928609,69.8939971923828,978046,68.05199999999999,93.429,7.11,76.092,87.55389,83.30372,72.6382619611355,9.67614467934214,1371220000,55.5,56886000.0
Tibet,China,99.99995516453741,146.05764223722602,436183969,39.453065524530004,14492.4244748065,3.9,89.0,17.4,75.0372785640484,94,87,66.0,703.49509727,35.08928609,69.8939971923828,978046,68.05199999999999,93.429,7.11,76.092,87.55389,83.30372,72.6382619611355,9.67614467934214,1371220000,55.5,56886000.0
Xinjiang,China,99.99995516453741,146.05764223722602,436183969,39.453065524530004,14492.4244748065,3.9,89.0,17.4,75.0372785640484,94,87,66.0,703.49509727,35.08928609,69.8939971923828,978046,68.05199999999999,93.429,7.11,76.092,87.55389,83.30372,72.6382619611355,9.67614467934214,1371220000,55.5,56886000.0
Yunnan,China,99.99995516453741,146.05764223722602,436183969,39.453065524530004,14492.4244748065,3.9,89.0,17.4,75.0372785640484,94,87,66.0,703.49509727,35.08928609,69.8939971923828,978046,68.05199999999999,93.429,7.11,76.092,87.55389,83.30372,72.6382619611355,9.67614467934214,1371220000,55.5,56886000.0
Zhejiang,China,99.99995516453741,146.05764223722602,436183969,39.453065524530004,14492.4244748065,3.9,89.0,17.4,75.0372785640484,94,87,66.0,703.49509727,35.08928609,69.8939971923828,978046,68.05199999999999,93.429,7.11,76.092,87.55389,83.30372,72.6382619611355,9.67614467934214,1371220000,55.5,56886000.0
,Colombia,96.33815099584619,43.468857142857104,30909723,38.360764118445296,13800.5325071528,10.3,74.1,15.9,84.4391972018127,75,80,31.0,832.68954244,19.58344965,70.8239974975586,133134,89.3,190.835,5.942,74.2,84.55657,72.78449,68.674225223211,7.0390041845833,48228697,79.764,2978000.0
,Congo (Brazzaville),100.0,14.6285446559297,657927,165.64586294781,5919.7199738196205,57.4,33.3,17.0,15.0093285156156,71,52,379.0,201.49793181,32.4601177,69.4919967651367,392996,244.476,279.972,7.556,64.112,65.1322,59.60912,54.206281147110396,3.36590968779225,4995648,65.543,363000.0
,Congo (Kinshasa),100.0,33.6104713173507,476353,59.3324309643087,867.6336476942661,62.8,27.2,19.4,19.7136866282261,89,48,324.0,32.28092372,36.75993686,63.917999267578104,545694,235.692,284.355,10.187000000000001,59.205,60.570969999999996,54.72243,50.638215325538305,3.01772969742923,76196619,42.74,354000.0
,Costa Rica,99.97998602487421,94.160830395613,1525922,62.518296399044,15740.6004881475,6.5,83.1,11.6,97.1485496011427,85,80,11.0,1233.47479169,22.73607069,61.763999938964794,421697,59.535,111.80799999999999,4.882,79.634,89.83292,82.95548000000001,68.79030386126689,8.90106434224681,4807852,76.862,2660000.0
,Cote d'Ivoire,100.0,72.6681509433962,642893,71.96487784544729,3461.98919885265,53.5,36.3,29.3,29.9318380607918,80,61,159.0,181.66232354,36.01868035,57.880001068115206,2175399,377.06199999999995,415.85400000000004,12.539000000000001,53.053000000000004,46.55696,41.97265,54.4124120365899,2.8851020526151605,23108472,49.443999999999996,1441000.0
,Croatia,100.0,75.11801286633309,1782666,93.904974524731,23008.188721116203,2.0,92.8,17.2,97.4661284549188,10,87,13.0,1620.40044384,15.50610177,52.8899993896484,576883,56.191,132.062,12.9,77.2756097560976,90.68647,79.09476,66.2888667087188,18.883167580103603,4203604,56.155,12683000.0
,Cuba,99.9999999999811,110.18488752163,1294458,31.6137399148428,25710.016115156403,8.3,83.8,16.6,90.81850736631901,83,87,7.0,3135.22418635,9.64398217,54.2879981994629,13336,70.921,107.55799999999999,7.898,79.57,88.45286,83.23429,69.8065302834759,13.905339228117398,11461432,76.896,3506000.0
,Cyprus,100.0,125.647727272727,23405,128.823251636142,31578.3544277306,4.4,91.2,11.5,99.3696608636364,56,87,6.2,2147.98297097,44.34233575,62.632999420165994,196167,34.321999999999996,68.965,6.8420000000000005,80.344,93.58158,88.14533,70.2717950705651,12.832810070758901,1160985,66.946,2659000.0
,Czechia,99.8282838822608,136.589288952208,3378028,156.099863722896,33691.4242392608,5.1,90.1,15.5,99.13616018347669,69,87,5.5,2425.84898192,14.82839462,59.620998382568395,405093,52.943999999999996,112.133,10.5,78.57804878048779,90.8669,81.03392,66.874737475247,17.9945381648513,10546059,73.477,8707000.0
Faroe Islands,Denmark,75.1874411831808,135.353250773994,117222850,104.04821160936501,49058.4960789392,6.3,90.1,11.7,99.5972302049963,50,87,6.5,5021.7686948,13.67476666,62.0229988098145,572520,51.397,82.945,9.2,80.7024390243902,90.9804,85.97495,64.109395915935,19.04744409746,5683483,87.52600000000001,10424000.0
Greenland,Denmark,75.1874411831808,135.353250773994,117222850,104.04821160936501,49058.4960789392,6.3,90.1,11.7,99.5972302049963,50,87,6.5,5021.7686948,13.67476666,62.0229988098145,572520,51.397,82.945,9.2,80.7024390243902,90.9804,85.97495,64.109395915935,19.04744409746,5683483,87.52600000000001,10424000.0
,Denmark,75.1874411831808,135.353250773994,117222850,104.04821160936501,49058.4960789392,6.3,90.1,11.7,99.5972302049963,50,87,6.5,5021.7686948,13.67476666,62.0229988098145,572520,51.397,82.945,9.2,80.7024390243902,90.9804,85.97495,64.109395915935,19.04744409746,5683483,87.52600000000001,10424000.0
,Diamond Princess,100.0,16.7405040012764,5400896,59.695129120419395,14657.7828926501,15.3,75.0,14.4,87.4876863565245,90,80,74.0,1020.54641371,28.20843254,41.4620018005371,242391,84.44,107.191,4.773,75.86,85.06557,81.0472,65.4771996698998,5.869785075706151,39871528,70.848,1710000.0
,Djibouti,100.0,40.009232096634996,226549,107.516747251432,16054.6784594191,47.0,42.9,19.5,51.3780581532586,85,80,362.0,146.69876961,20.38418935,62.824001312255895,112351,228.30700000000002,275.191,8.365,62.26,64.24314,57.98556,63.892177603529795,4.10032628362306,927414,77.417,1528000.0
,Dominica,100.0,97.54933333333331,3496190,107.713771983673,10614.6748453728,7.9,85.5,16.4,77.8927614955628,88,87,11.0,577.61884232,31.17352857,46.957000732421896,6720,70.65,112.036,6.357,75.525,87.16133,80.28619,68.6982427447481,7.60962210944608,73162,69.579,75000.0
,Dominican Republic,99.9785982241453,217.934050921134,14463,53.9379181016125,14306.6222852352,16.8,71.1,19.1,82.6969817385066,80,80,53.0,860.58145566,42.85167309,63.5530014038086,415564,119.214,204.02,6.081,73.673,81.0507,70.5798,63.388480712253,6.65267656206635,10528394,78.566,5600000.0
,Ecuador,99.38916951782909,65.0038975680464,5677816,45.243877148583,11479.895625391699,14.7,72.5,13.4,86.1382159564663,77,80,39.0,983.06236249,43.86994206,66.5630035400391,387513,86.029,161.783,5.127000000000001,76.102,85.41346999999999,76.71084,64.2765204559262,6.704207931831089,16144368,63.398,1544000.0
,Egypt,100.0,94.2068129991461,11109554,34.845942960022896,10783.0653924773,10.5,83.7,28.2,93.1694798363426,85,58,15.0,496.97821179,61.95896546,48.3489990234375,491643,111.01799999999999,188.04,5.962999999999999,71.304,80.34685,70.10624,61.7999154430095,5.06322196171621,93778172,42.785,9139000.0
,El Salvador,100.0,304.656274131274,2597649,76.1186085640292,7496.810404929571,10.9,73.3,14.1,91.1250736675765,92,80,49.0,573.41805151,27.84884857,58.7809982299805,42045,103.00200000000001,261.317,6.691,73.267,83.7751,66.27786,63.7610776623697,7.93114843330939,6312478,69.7,1402000.0
,Equatorial Guinea,100.0,41.90335115864529,400758,98.8780591680756,29420.646974707597,53.2,36.0,22.0,74.53794938545171,43,63,172.0,767.68744963,72.0174482,62.65299987792971,10825,308.714,348.89300000000003,10.344000000000001,57.434,55.18062,49.93255,59.683730237393796,2.89146827135527,1175389,70.616,897000.0
,Eritrea,100.0,136.363338849053,53074,107.41585547563601,1547.2093249719298,43.8,44.4,24.2,11.257526749921901,90,61,70.0,50.63569127,59.87436473,80.55999755859379,15941,218.953,292.60900000000004,7.071000000000001,64.63600000000001,66.17926,56.92451,55.180413337176894,2.7892614633638595,7416802,40.1,114000.0
,Estonia,0.0,30.260110420980002,512389,150.682554425408,29212.948872562796,2.8,92.9,16.9,99.6088323567771,83,87,18.0,1860.32504763,22.77200698,62.1969985961914,202348,62.825,169.877,11.6,77.590243902439,89.81784,73.36052,65.0476955815349,18.8217933112906,1315407,68.416,2961000.0
,Eswatini,100.0,76.6866860465116,553322,99.73879373572781,8285.947662839351,54.7,35.8,26.6,58.0258356936934,80,80,404.0,627.27695684,11.37612927,51.9589996337891,31579,362.131,507.51099999999997,9.861,57.107,53.5015,37.63388,59.2440093372989,3.10945094468507,1319011,23.3,873000.0
,Ethiopia,100.0,99.87303299999999,7074779,39.6561241449515,1637.3341323227698,51.0,37.6,18.4,7.0789180703781405,84,71,192.0,64.90913139,38.37740162,80.4690017700195,1072949,198.692,250.15400000000002,6.997000000000001,65.03699999999999,68.87692,61.91884,54.908850119731504,3.4803979568739103,99873033,19.428,864000.0
,Fiji,99.978648421315,48.831362889983595,1336976,105.51147540983601,9053.98733136984,10.3,84.2,30.8,95.6770465627281,86,80,51.0,320.05397741,21.02604494,58.1279983520508,13751,137.366,234.35,6.992000000000001,70.117,78.01626,64.66633,65.42438538853929,5.83120084201182,892149,54.726000000000006,755000.0
,Finland,0.0,18.030110888091897,13035848,73.181489102271,42220.9576671019,1.2,93.4,10.5,99.44792463654659,36,87,5.6,4097.1309699,19.73217391,58.826000213623,315881,43.26,93.675,9.6,81.4804878048781,93.02422,84.4549,63.344975142129705,20.2644635154614,5479531,85.225,2622000.0
French Guiana,France,90.41211847337792,121.61905874666701,65039503,61.75169393458611,40833.2420664584,6.0,87.5,10.8,98.6520040281974,79,83,8.4,4666.18069528,9.76121411,55.577999114990206,7784418,49.376000000000005,101.499,8.9,82.3219512195122,92.41071,84.67227,62.796420527165004,18.9384456827407,66593366,79.655,84452000.0
French Polynesia,France,90.41211847337792,121.61905874666701,65039503,61.75169393458611,40833.2420664584,6.0,87.5,10.8,98.6520040281974,79,83,8.4,4666.18069528,9.76121411,55.577999114990206,7784418,49.376000000000005,101.499,8.9,82.3219512195122,92.41071,84.67227,62.796420527165004,18.9384456827407,66593366,79.655,84452000.0
Guadeloupe,France,90.41211847337792,121.61905874666701,65039503,61.75169393458611,40833.2420664584,6.0,87.5,10.8,98.6520040281974,79,83,8.4,4666.18069528,9.76121411,55.577999114990206,7784418,49.376000000000005,101.499,8.9,82.3219512195122,92.41071,84.67227,62.796420527165004,18.9384456827407,66593366,79.655,84452000.0
Martinique,France,90.41211847337792,121.61905874666701,65039503,61.75169393458611,40833.2420664584,6.0,87.5,10.8,98.6520040281974,79,83,8.4,4666.18069528,9.76121411,55.577999114990206,7784418,49.376000000000005,101.499,8.9,82.3219512195122,92.41071,84.67227,62.796420527165004,18.9384456827407,66593366,79.655,84452000.0
Mayotte,France,90.41211847337792,121.61905874666701,65039503,61.75169393458611,40833.2420664584,6.0,87.5,10.8,98.6520040281974,79,83,8.4,4666.18069528,9.76121411,55.577999114990206,7784418,49.376000000000005,101.499,8.9,82.3219512195122,92.41071,84.67227,62.796420527165004,18.9384456827407,66593366,79.655,84452000.0
New Caledonia,France,90.41211847337792,121.61905874666701,65039503,61.75169393458611,40833.2420664584,6.0,87.5,10.8,98.6520040281974,79,83,8.4,4666.18069528,9.76121411,55.577999114990206,7784418,49.376000000000005,101.499,8.9,82.3219512195122,92.41071,84.67227,62.796420527165004,18.9384456827407,66593366,79.655,84452000.0
Reunion,France,90.41211847337792,121.61905874666701,65039503,61.75169393458611,40833.2420664584,6.0,87.5,10.8,98.6520040281974,79,83,8.4,4666.18069528,9.76121411,55.577999114990206,7784418,49.376000000000005,101.499,8.9,82.3219512195122,92.41071,84.67227,62.796420527165004,18.9384456827407,66593366,79.655,84452000.0
Saint Barthelemy,France,90.41211847337792,121.61905874666701,65039503,61.75169393458611,40833.2420664584,6.0,87.5,10.8,98.6520040281974,79,83,8.4,4666.18069528,9.76121411,55.577999114990206,7784418,49.376000000000005,101.499,8.9,82.3219512195122,92.41071,84.67227,62.796420527165004,18.9384456827407,66593366,79.655,84452000.0
St Martin,France,90.41211847337792,121.61905874666701,65039503,61.75169393458611,40833.2420664584,6.0,87.5,10.8,98.6520040281974,79,83,8.4,4666.18069528,9.76121411,55.577999114990206,7784418,49.376000000000005,101.499,8.9,82.3219512195122,92.41071,84.67227,62.796420527165004,18.9384456827407,66593366,79.655,84452000.0
,France,90.41211847337792,121.61905874666701,65039503,61.75169393458611,40833.2420664584,6.0,87.5,10.8,98.6520040281974,79,83,8.4,4666.18069528,9.76121411,55.577999114990206,7784418,49.376000000000005,101.499,8.9,82.3219512195122,92.41071,84.67227,62.796420527165004,18.9384456827407,66593366,79.655,84452000.0
,Gabon,100.0,7.49087980750572,137331,73.9497814588281,17981.2211992834,49.9,41.0,14.8,40.930385991297605,50,55,537.0,480.29498807,25.90465861,51.323001861572294,268384,219.393,257.632,7.818,65.685,68.24473,62.606680000000004,59.723911044335395,4.51466835908661,1930175,88.118,363000.0
,Gambia,100.0,195.414031620553,3036,48.07995630601479,1668.81520289648,55.2,33.9,20.6,41.6937609285644,82,74,174.0,79.50438266,23.472134399999998,59.478000640869105,192540,234.236,289.177,8.202,60.95399999999999,62.7792,55.799769999999995,52.0011731450907,2.32940093750474,1977590,59.228,135000.0
,Georgia,100.0,65.0320165156234,232263,107.00818348110901,9617.54167640981,2.8,93.4,24.9,84.8767172511691,84,80,99.0,717.12690154,57.32433505,68.120002746582,168802,78.84899999999999,226.521,13.252,73.096,86.82378,67.30714,66.6707326084822,14.6154749408076,3725276,57.448,5256000.0
,Germany,95.95259593987079,234.153668555637,117222850,85.7119710317955,47979.48420293519,4.9,91.1,12.5,99.21912409874349,65,87,8.0,5328.89937894,12.69157315,60.2789993286133,12005690,50.173,92.46,11.3,80.64146341463409,92.12171,85.40467,65.7636764592908,21.117563222766897,81686611,77.2,34970000.0
,Ghana,100.0,121.221855497934,390457,75.5863939908231,4083.47235200702,48.4,41.8,20.9,14.2795059315063,85,33,160.0,251.45427608,35.80306196,67.370002746582,399471,224.959,264.306,8.314,62.448,64.44729,58.997440000000005,57.817392934537004,3.38640126765859,27582821,54.086000000000006,897000.0
,Greece,99.99999999997841,83.947889837083,11237054,63.05516077507521,26902.525319841003,9.8,86.9,12.3,98.963963960248,72,87,4.5,2180.174112,36.15921171,53.0880012512207,1242514,42.075,93.01100000000001,11.2,81.0365853658537,93.31577,85.65969,65.5062044251101,19.9478329084134,10820883,78.046,23599000.0
,Grenada,100.0,314.185294117647,1466527,114.72139936923901,13626.112944793798,13.0,80.7,21.7,78.30225646911221,80,87,5.4,660.79867575,57.83307325,59.3289985656738,7057,97.554,185.046,7.129,73.531,83.81447,72.18969,66.3593046441309,7.15669846381397,106823,35.997,155000.0
,Guatemala,100.0,151.665070921986,93129,51.306263694826896,7788.497234972509,24.8,59.2,14.9,67.36292035139171,87,80,26.0,428.35127036,57.82038639,61.426998138427706,76352,113.667,213.958,4.861000000000001,73.15,81.46964,70.28863,59.2610003095537,4.50732010581311,16252429,49.971000000000004,1865000.0
,Guinea,100.0,49.2085829399316,122590,72.4427259419684,1877.8526049873801,57.9,33.3,22.6,21.9522720308296,80,57,177.0,108.77923127,49.3524036,64.7620010375977,228413,249.967,275.775,9.582,59.419,59.678419999999996,56.03017,54.294860709556,3.0549558935165604,12091533,35.141,35000.0
,Guinea-Bissau,100.0,62.9632290184922,476353,59.781536752122896,1544.8272647985098,64.2,28.2,19.8,21.4660037496657,79,32,373.0,100.42428486,33.85702596,72.6940002441406,22333,244.5,296.077,10.780999999999999,57.0,58.522009999999995,51.42892,55.42940346541079,2.8768851742363597,1770526,42.123000000000005,43800.0
,Guyana,99.9998086271857,3.90405892811786,967629,100.267980958315,7558.051741735279,20.2,67.1,30.6,86.164053044025,68,80,93.0,333.99140653,40.50667218,57.1440010070801,15384,170.683,248.06099999999998,8.164,66.536,71.59629,61.975469999999994,65.1419492683282,5.03321995435347,768514,26.441,207000.0
,Haiti,100.0,388.645174165457,3036,70.5516896261956,1763.48524892758,31.3,56.6,26.7,30.5437907368745,80,78,194.0,94.46340136,41.73006958,67.14199829101561,39529,212.628,274.619,8.655,63.055,66.1565,58.16778000000001,61.6277603124471,4.63087643698416,10711061,52.427,516000.0
,Holy See,100.0,16.7405040012764,5400896,59.695129120419395,14657.7828926501,15.3,75.0,14.4,87.4876863565245,90,80,74.0,1020.54641371,28.20843254,41.4620018005371,242391,84.44,107.191,4.773,75.86,85.06557,81.0472,65.4771996698998,5.869785075706151,39871528,70.848,1710000.0
,Honduras,99.9988766711252,80.0860577352757,276689,107.26440535424,4613.12416074233,14.6,65.3,14.0,79.77644697244921,86,80,41.0,356.43595736,49.151778799999995,65.6949996948242,28070,120.104,172.935,4.806,73.376,80.68469,73.19868000000001,62.59444299182589,4.414468795242049,8960829,55.165,880000.0
,Hungary,100.0,108.726698332045,20043787,169.838228404571,26356.313736880602,2.0,93.5,23.3,97.98953148110729,71,87,10.0,1859.51808242,28.877461800000003,54.8120002746582,449632,85.926,177.627,13.4,75.56829268292691,86.33516,71.58703,68.0632466009296,17.495688080192803,9843028,70.5,4929000.0
,Iceland,11.9849547773209,3.29990024937656,4134980,96.72450276061409,48728.0993642438,4.5,89.9,9.3,98.7774415584416,100,87,2.4,3971.07389193,17.63640536,77.0189971923828,37522,43.185,67.533,6.6,82.4682926829268,93.44655,90.27377,65.9729350811372,13.714143827424,330815,93.7,1289000.0
,India,100.0,440.28601602992103,98927860,41.9229138658408,6139.0334461886405,27.0,61.7,23.5,44.1511227474094,72,59,217.0,221.76340841,64.66441011,52.2080001831055,5240960,141.252,214.641,7.303,68.30199999999999,74.26744000000001,66.40889,65.7060455215147,5.636245344137759,1309053980,32.777,13284000.0
,Indonesia,96.14237249541401,142.507390274734,90095131,41.9376402415299,11072.537890253101,21.5,72.5,26.5,67.8866081615617,85,39,325.0,331.6426852,40.65642904,66.62899780273439,328846,145.664,205.46400000000003,7.096,69.025,76.20152,66.87147,67.04622339374791,5.09506791959051,258162113,53.313,10407000.0
,Iran,100.0,48.724481814386394,13873256,39.017300702637,17622.6946229441,8.2,81.2,15.1,88.2898219273923,87,80,16.0,1329.56422159,40.93178035,42.79600143432621,2726420,62.013000000000005,101.71,4.546,75.73,88.1426,83.50619,71.33326437374309,5.03463014283166,79360487,73.358,5237000.0
,Iraq,100.0,83.19124394203651,2142554,76.7579150579151,15740.862377265501,17.0,53.4,21.6,85.65929850091,91,52,43.0,493.71787059,76.46998127,42.528999328613295,353881,129.796,196.03900000000002,5.096,69.672,78.10854,68.40153000000001,56.265094391630605,3.07380603903865,36115649,69.921,9139000.0
,Ireland,2.7181908341195298,68.2531136594571,115928738,215.437678678111,68959.5517470824,5.2,90.5,10.5,92.17795166464649,57,87,7.2,5132.81259724,13.57957241,61.952999114990206,746260,44.687,84.68799999999999,6.4,81.45365853658541,92.6974,88.14851,65.0349236730142,13.229869022130801,4701957,62.538000000000004,9528000.0
,Israel,100.0,387.250462107209,6331198,59.4022318153743,35514.5449573587,10.0,85.8,9.7,100.0,83,87,4.0,2750.4843101,22.67203172,64.1309967041016,2011727,39.687,72.987,5.3,82.05121951219509,93.3102,88.80072,60.917085609396295,11.2237054356556,8380100,92.179,2799000.0
,Italy,96.75457393751259,206.468287210172,28603919,56.931306335616796,36836.4263441635,4.7,91.5,9.8,99.2814443535047,65,87,6.7,3288.74548908,23.13747938,48.3660011291504,5788875,50.173,92.46,10.7,82.54390243902441,94.08739,88.99374,63.9104186439777,22.362870715773898,60730582,69.565,50732000.0
,Jamaica,100.0,265.18319482917803,92836,76.10510996411371,8651.27909117857,11.0,80.0,14.8,85.3737138329285,23,80,4.5,487.78067423,18.87343839,65.44000244140629,23167,100.029,164.46200000000002,6.928,75.836,84.67371999999999,77.00868,67.2429449980396,9.303173401617169,2871934,54.833,2123000.0
,Japan,88.66865041622489,348.751920122888,114128000,35.5964012573268,40446.879187729,12.8,81.9,8.6,100.0,53,87,16.0,4397.89123348,12.94767104,59.9900016784668,2043877,37.102,69.979,10.3,83.79390243902441,94.03203,88.18294,60.99341482104649,26.0153646622021,127141000,91.381,19737000.0
,Jordan,100.0,103.16852894796101,3065145,98.0769067392572,9068.30427510183,11.1,77.9,19.4,96.70805801896921,85,80,5.8,568.22455458,25.14934289,39.308998107910206,3112026,92.476,127.40799999999999,3.8289999999999997,74.182,84.36768000000001,78.29796,60.2096207767797,3.76298324916025,9159302,90.256,3761000.0
,Kazakhstan,92.6415526035327,6.49805756195133,5081632,53.049728807265204,25123.3157364321,5.0,85.4,28.6,97.80530796767891,91,99,80.0,764.40208971,31.60665337,70.9179992675781,3546778,119.634,297.51,7.46,72.0,80.96095,58.26368000000001,66.470157605379,6.753908584553339,17542806,57.191,6430000.0
,Kenya,100.0,82.99585163580142,4569473,44.2113177762908,3028.68920843956,65.2,25.4,13.3,29.8446798143212,87,45,380.0,147.6614074,28.81699948,66.318000793457,1084357,183.125,264.091,5.841,66.695,71.77074,62.050290000000004,56.0747391109021,2.58038639342713,47236259,25.658,1114000.0
,"Korea, South",100.0,523.5255477448819,66093149,83.7121215269455,35760.734442377005,9.7,79.7,8.3,99.8875371411673,84,94,79.0,2502.25111027,33.99995998,62.4609985351563,1327324,37.943000000000005,88.887,5.4,82.0243902439024,94.20414,86.5523,73.1299307806579,12.965465911520699,51014947,81.634,13232000.0
,Kosovo,100.0,165.500137779002,2597649,72.32371932845459,9784.85188142857,10.9,73.3,14.1,91.1250736675765,92,80,49.0,573.41805151,27.84884857,58.7809982299805,42045,103.00200000000001,261.317,7.0,71.34634146341459,83.7751,66.27786,63.7610776623697,7.93114843330939,1801800,69.7,1402000.0
,Kuwait,100.0,220.86386083052798,3752995,98.6998633725231,73131.6066165865,14.7,72.0,17.6,100.0,87,87,22.0,2927.44004659,14.37861272,74.9860000610352,2866136,57.472,93.35600000000001,2.681,74.577,88.14149,83.78713,77.04999296203,2.0641070137309,3935794,100.0,1909000.0
,Kyrgyzstan,99.1089483849592,31.0578727841502,967629,110.96157071463301,3457.7075250413895,10.0,81.9,26.2,96.5860782710499,82,83,144.0,252.77824056,55.43338973,62.4109992980957,204382,109.359,249.09400000000002,5.8,70.6512195121951,81.86729,63.7102,64.6215322703426,4.27911066950069,5956900,35.777,4000000.0
,Laos,100.0,28.8733405545927,1181188,85.79862603292409,6146.310385975279,33.0,58.0,27.1,72.59428682589349,88,37,182.0,150.36934777,45.36532622,78.1320037841797,22244,173.58900000000003,217.66099999999997,6.754,66.335,71.16927,64.44396,62.4025449105615,3.8853733819510197,6663967,33.108000000000004,3543000.0
,Latvia,92.2730865530648,31.803264715342603,2527368,121.347425305683,24723.5639662858,2.5,91.7,22.2,92.8639822985734,84,87,40.0,1393.63892939,42.07074373,60.242000579834006,263126,85.92,234.554,14.4,74.4804878048781,86.47492,65.88464,65.5854000400469,19.2836420408268,1977527,67.98,2024000.0
,Lebanon,100.0,571.992082111437,2591297,72.39802241276399,14176.462051909799,3.7,89.7,17.9,95.3593653846154,83,87,13.0,1112.75600796,33.74462347,46.8440017700195,1997776,50.412,70.223,4.591,79.40899999999999,91.14229,87.27164,67.8664317175196,8.14291566286062,5851479,88.10600000000001,1518000.0
,Liberia,100.0,46.7153343023256,657927,126.017689644319,1301.29939863906,60.9,29.5,17.2,16.8894778100142,77,42,308.0,132.65858786,46.80536148,56.1949996948242,113779,221.505,260.52,8.12,62.007,64.32182,58.9641,54.5913311365557,3.02354353844468,4499621,49.82,363000.0
,Libya,100.0,3.54351421394228,1430460,114.245922122484,15856.566118056002,8.4,70.4,19.7,99.7,61,39,40.0,339.55239409,24.01657599,52.641998291015604,771146,97.26799999999999,172.31099999999998,5.2010000000000005,71.77600000000001,83.13211,72.11855,67.0749027057934,4.323014360167799,6234955,79.27,520000.0
,Liechtenstein,100.0,233.76875,4911730,49.5587965929996,11832.9518080434,7.6,82.5,17.6,99.95,85,69,65.0,463.7359234,48.93215272,53.5289993286133,23493,74.05199999999999,198.02700000000002,6.7,82.6560975609756,87.63841,72.76061999999999,66.1259561147898,9.29896823603701,37403,14.302999999999999,48600.0
,Lithuania,99.5312152983186,46.3672785315243,1363946,152.125779884212,28910.362101587798,3.3,90.0,22.2,93.6218408701642,79,87,55.0,1853.69928322,31.83880238,59.263999938964794,136036,85.04799999999999,245.418,14.4,74.3219512195122,86.51445,64.3293,66.7187029959146,18.685089596395,2904910,67.23,2071000.0
,Luxembourg,79.9792668255678,234.404938271605,1830972,416.38923582258303,102780.440937044,4.8,88.6,9.6,97.61098260890492,86,87,6.1,6420.31741462,10.99794417,59.3619995117188,249325,49.464,66.691,7.0,82.2926829268293,92.36945,87.1184,69.6279252780371,13.994223110733099,569604,90.179,1090000.0
,MS Zaandam,100.0,16.7405040012764,5400896,59.695129120419395,14657.7828926501,15.3,75.0,14.4,87.4876863565245,90,80,74.0,1020.54641371,28.20843254,41.4620018005371,242391,84.44,107.191,4.773,75.86,85.06557,81.0472,65.4771996698998,5.869785075706151,39871528,70.848,1710000.0
,Madagascar,100.0,41.6536404262633,458572,67.5947805180729,1470.7933569115803,47.2,42.4,23.1,9.69366814011379,82,52,236.0,80.71873523,25.23195827,86.5370025634766,32075,193.34,243.575,6.475,65.539,69.58119,62.526180000000004,55.5225680454738,2.83405342094986,24234088,35.193000000000005,244000.0
,Malaysia,93.50817803508909,93.51135291432051,50345820,133.459702221727,26717.4636134865,18.0,72.9,17.3,99.57400673484541,78,87,88.0,1037.65805447,35.47957674,64.3379974365234,2514243,85.20700000000001,158.239,4.865,75.143,85.97879,76.27029,69.17357283130589,5.86259777031363,30723155,74.21300000000001,25721000.0
,Maldives,6.87120465177289e-08,1394.67666666667,1313533,143.92012973644,14728.1469940725,8.3,85.2,13.9,95.86881806331742,83,80,46.0,1298.72217914,19.548935999999998,66.4459991455078,94086,56.521,80.203,3.377,77.042,88.57755999999999,84.90335,72.4870519570844,4.10274304916552,418403,38.529,1234000.0
,Mali,100.0,14.315725419811699,122590,63.6396414552076,2049.70488471813,61.5,29.6,24.8,31.268334036489502,77,68,57.0,84.02325289,34.17111295,71.0589981079102,363145,258.057,277.124,10.667,57.478,57.34182,54.38304,49.536432674668205,2.53395584645096,17467905,39.991,159300.0
,Malta,100.0,1390.790625,1583046,272.398382205559,35667.9726837029,6.0,90.8,10.8,99.9613567330935,79,87,8.6,3389.00663075,37.10349896,54.1949996948242,41442,40.399,68.847,7.7,81.89756097560979,92.51829000000001,88.80055,67.2198888722592,18.366712190376397,445053,94.414,1783000.0
,Mauritania,100.0,4.057767536625589,248158,109.36489199123301,3846.4658207697203,54.4,36.2,18.0,44.620624337663,71,49,107.0,177.08066607,48.23745512,46.0900001525879,138162,181.083,226.084,7.96,63.082,68.11301999999999,61.354980000000005,56.660707484157804,3.10020153784687,4182341,51.089,1006600.0
,Mauritius,100.0,621.972906403941,1466527,107.636871085869,20163.02494024,6.8,88.0,22.8,93.1491330307737,91,80,13.0,1147.85424472,49.57672733,59.3289985656738,28585,93.74,192.135,7.7,74.3531707317073,84.71491999999999,71.61814,70.6456597134001,9.95405953046395,1262605,41.0,1151000.0
,Mexico,99.71526554164059,64.7603842691427,46966763,71.1663144806972,17699.1593818281,9.7,79.7,15.9,89.21839254781891,80,80,21.0,974.49879394,40.18865099,61.3380012512207,1193155,79.743,141.938,4.824,76.933,85.97276,78.24158,66.04583225439029,6.48177654137789,125890949,79.285,32093000.0
,Moldova,100.0,123.806319016268,1005936,116.668180449161,5069.48944189823,4.4,90.1,27.5,78.3989439784143,80,87,102.0,514.25716696,46.18741009,44.103000640869105,142904,98.788,243.65900000000002,11.424000000000001,71.468,82.44282,62.869409999999995,74.3347483263567,9.938292859286081,3554108,42.49,94400.0
,Monaco,100.0,19153.5,60382,329.047899699957,87298.1682640793,21.5,75.0,10.0,100.0,79,87,0.0,3406.49639489,6.0530705000000005,68.90000152587889,21042,39.135,64.706,7.6,82.74390243902441,93.52881,89.33618,72.8109527606823,11.686149634832098,38307,100.0,331000.0
,Mongolia,97.95178478491171,1.9161648085687102,529311,90.2870128781809,12187.7694271662,10.2,79.0,30.4,59.221530297857704,85,37,428.0,471.8075028,39.09423902,60.3380012512207,17620,129.494,296.188,6.308,69.087,78.26584,58.25659,67.3351972553787,3.88480948322688,2976877,68.23,386000.0
,Montenegro,100.0,46.25717472118961,526980,102.68897735183201,16337.2557552457,1.5,94.8,20.9,95.9086871225424,93,87,15.0,802.07083072,39.56750809,50.9109992980957,82541,66.002,125.25200000000001,9.802999999999999,76.938,88.95011,79.71226999999999,67.64802333096671,13.8936734492453,622159,65.806,1560000.0
,Morocco,100.0,77.98190006721941,7043971,77.1980363378713,7792.029575035491,14.6,78.8,12.5,83.466067685051,88,87,101.0,426.90963237,52.106361799999995,47.138999938964794,88511,66.033,75.794,5.145,75.57300000000001,87.43914000000001,85.13372,65.9443946184218,6.396156665734379,34803322,60.809,10177000.0
,Mozambique,100.0,35.6197906864366,676028,104.206039545833,1194.2438956098802,67.1,25.4,18.4,23.560732181314396,88,38,551.0,61.70759636,7.109721400000001,78.88600158691409,222928,297.015,368.151,10.380999999999998,57.714,56.65595,48.3409,51.668289796920796,3.13271100666528,28010691,34.4,1552000.0
,Namibia,100.0,2.94618056820804,553322,107.135039932925,10651.2287867075,49.7,40.4,21.6,33.8367672410459,83,80,495.0,1046.70882792,7.33436006,60.548999786377,93888,270.425,360.52099999999996,7.455,63.782,64.56555999999999,52.57821,59.4961742871031,3.4798135359201403,2425561,46.9,1388000.0
,Nepal,100.0,199.90430415068002,510342,53.0952668109502,2471.6081083517,24.4,62.4,22.2,46.12659059884971,92,74,156.0,153.26708331,59.43524324,83.1080017089844,518278,133.892,175.31599999999997,6.329,69.887,77.44215,70.73938000000001,61.968914878769,5.4761570255345795,28656282,18.557000000000002,539000.0
Aruba,Netherlands,99.81168268870519,502.81754229741796,35687843,157.81657603969802,50302.0677470128,5.8,89.3,11.3,97.7269662736924,86,87,5.8,5160.33964384,11.61642904,64.0699996948242,1979486,49.464,66.691,8.7,81.509756097561,92.32505,88.82435,65.3242002139623,17.9201887959494,16939923,90.17299999999999,15007000.0
Curacao,Netherlands,99.81168268870519,502.81754229741796,35687843,157.81657603969802,50302.0677470128,5.8,89.3,11.3,97.7269662736924,86,87,5.8,5160.33964384,11.61642904,64.0699996948242,1979486,49.464,66.691,8.7,81.509756097561,92.32505,88.82435,65.3242002139623,17.9201887959494,16939923,90.17299999999999,15007000.0
Sint Maarten,Netherlands,99.81168268870519,502.81754229741796,35687843,157.81657603969802,50302.0677470128,5.8,89.3,11.3,97.7269662736924,86,87,5.8,5160.33964384,11.61642904,64.0699996948242,1979486,49.464,66.691,8.7,81.509756097561,92.32505,88.82435,65.3242002139623,17.9201887959494,16939923,90.17299999999999,15007000.0
,Netherlands,99.81168268870519,502.81754229741796,35687843,157.81657603969802,50302.0677470128,5.8,89.3,11.3,97.7269662736924,86,87,5.8,5160.33964384,11.61642904,64.0699996948242,1979486,49.464,66.691,8.7,81.509756097561,92.32505,88.82435,65.3242002139623,17.9201887959494,16939923,90.17299999999999,15007000.0
,New Zealand,0.349574373935346,17.4535718354791,14385078,54.3901941076701,37562.4835855889,4.4,89.6,10.4,100.0,80,87,7.3,3509.57187011,13.36466008,68.33200073242189,1039736,43.185,67.533,6.87,81.45682926829271,91.85155,88.23536999999999,65.38199323354999,14.6471624858165,4595700,86.34100000000001,3039000.0
,Nicaragua,99.9295179907473,50.540427123151105,276689,99.47286260222059,5293.91170100545,11.4,75.8,14.4,76.3491852264727,87,80,51.0,418.15706179,35.60493542,66.19000244140629,40262,104.71700000000001,192.24400000000003,4.773,75.149,82.99823,73.06419,64.8803895406718,5.08532094932042,6082035,57.895,1386000.0
,Niger,100.0,15.707716902186801,15243,59.1238605074889,969.914978067149,63.3,26.1,20.2,12.9373277283546,80,55,95.0,68.30457835,52.270933299999996,78.91400146484379,189255,234.912,263.26,9.942,59.667,61.20565,56.42825,47.2554884626877,2.5423374871494198,19896965,16.247,135000.0
,Nigeria,100.0,198.932490090802,4613169,21.4469296745955,6070.99212800771,63.5,28.2,22.5,32.600957001043604,84,22,219.0,215.72723891,72.07918382,55.129001617431605,1199115,337.66,374.769,12.765999999999998,52.985,48.76891,44.5862,53.14884097815061,2.73619013182697,181181744,47.838,1255000.0
,North Macedonia,100.0,82.4467882632831,1466527,113.698443879103,13831.3254163351,1.9,95.3,20.7,90.9112030081396,86,80,17.0,875.82865745,34.368969299999996,55.5149993896484,130730,67.936,126.458,9.745,75.54899999999999,88.18848,79.02467,70.6346053590906,12.5253690169999,2079308,57.408,486000.0
,Norway,2.02465674369929,14.2105725713798,4134980,69.8096542912451,60519.9715159154,7.4,87.2,9.3,98.058581,88,87,6.3,6268.11239787,14.14276967,64.8889999389648,741813,43.185,67.533,7.8,82.3048780487805,93.08459,88.60471,65.7346500928106,16.303033403361198,5188607,81.09100000000001,5361000.0
,Oman,100.0,13.5696607431341,6365784,110.074322366162,42585.0633804423,10.8,71.9,18.1,99.31807583294491,88,87,9.0,1815.50482881,5.73641702,70.0100021362305,1844978,68.919,109.456,2.574,76.801,87.38418,82.07851,75.51334465130559,2.3143666022986804,4199810,81.35,1909000.0
,Pakistan,100.0,245.667954804898,8467827,27.6546730166962,5014.93145450674,35.3,56.0,24.8,58.2514042303625,93,63,270.0,134.36358411,66.17925891,53.1629981994629,3628956,141.739,178.543,7.343999999999999,66.322,72.14205,67.42963,60.495750162003205,4.48490178078671,189380513,36.025999999999996,741000.0
,Panama,87.28942892877451,53.3931799838579,12193261,99.9366829033362,22232.8133942203,14.9,75.3,13.2,76.8670403816548,82,80,52.0,1558.53134729,30.22033496,64.8899993896484,184710,79.453,149.94899999999998,4.995,77.806,86.99579,77.93639,64.5841064644722,7.55510677208711,3969249,66.696,2110000.0
,Papua New Guinea,99.9999999999861,17.488462217904,1679156,107.135039932925,4084.74953375731,36.8,54.9,29.9,18.604170204172,74,77,432.0,112.57637653,6.13054768,47.109001159668,25782,192.942,257.873,7.132999999999999,65.384,68.47606,58.557719999999996,59.738744227303,3.6450679150107503,7919825,13.012,185000.0
,Paraguay,100.0,16.7105940095646,452004,65.638322694197,11896.0338850574,13.9,74.3,17.7,91.22222482327629,70,87,41.0,719.39458703,36.48574609,69.57399749755861,156462,125.322,165.38,5.685,73.023,79.89289000000001,73.60744,63.8457301337723,6.02042228795718,6639119,60.75,1215000.0
,Peru,99.9733888894223,24.51302421875,13877662,45.133944662881404,12570.206251898,20.7,68.8,12.8,76.81552520419909,87,80,119.0,652.51139783,28.94799768,76.068000793457,90881,94.743,153.39700000000002,5.643,74.747,84.05864,75.6081,65.2792324590458,6.82514406961784,31376671,77.357,3456000.0
,Philippines,99.43309287123871,341.13545628332804,37023422,62.690008771982,7341.94289106585,25.4,67.2,26.9,74.9769045018806,91,49,550.0,316.34571639,54.78785975,62.5060005187988,211862,137.416,262.057,6.496,68.95100000000001,77.63705999999999,61.367169999999994,63.198906873967104,4.57191256718106,101716359,46.284,5361000.0
,Poland,99.9962149714443,124.061569613639,4448883,96.0094604243733,26826.2287625362,4.8,90.5,19.3,98.132712948205,53,87,19.0,1686.15661012,23.24629836,56.681999206543,619403,63.434,163.90400000000002,10.4,77.4512195121951,89.21991,75.02441999999999,69.5045470265875,15.6116365286853,37986412,60.278,16728000.0
,Portugal,27.458494054092,113.07252488776301,12706909,80.2229566172975,29684.691669018503,10.0,85.9,11.2,99.44214276948351,72,87,23.0,2645.32270338,27.72781625,58.632999420165994,837257,42.442,103.994,10.5,81.1243902439025,93.10573000000001,84.51629,65.1844948871106,20.7386341549285,10358076,63.513999999999996,11723000.0
,Qatar,100.0,213.741515934539,25263224,93.7076739370818,128021.977002627,5.3,67.4,15.4,100.0,70,87,25.0,3952.4761291,7.24407565,87.55999755859379,1687640,46.913000000000004,65.626,1.5090000000000001,78.036,88.87132,86.63493000000001,85.08389350318491,1.08976727748385,2481539,98.945,2941100.0
,Romania,99.37909475072321,86.1243089360223,3634598,82.6575055031815,21631.8062099224,4.1,92.4,21.5,81.8127185852255,85,87,82.0,1063.18568351,21.27555731,54.318000793457,226943,80.292,186.40200000000002,13.2,75.0121951219512,86.99599,71.80829,67.5835696620668,16.9997204253178,19815481,53.887,9331000.0
,Russia,91.82740189704211,8.79880404497318,76846126,49.3465412328807,24063.0561632112,5.1,87.0,25.9,88.7866980173266,71,100,67.0,1328.25303737,38.64633529,62.69599914550779,11643276,82.36,245.38400000000001,13.0,71.1834146341463,82.25189,56.82688,69.6787370822101,13.4886241107355,144096870,74.05,33729000.0
,Rwanda,100.0,471.404661532225,544541,52.548269063110894,1852.6646259407898,43.7,42.8,18.3,62.347825035945995,87,80,59.0,119.36132428,7.62385886,84.13800048828129,441525,176.457,230.69099999999997,6.132000000000001,66.696,71.8964,64.28341999999999,56.39062825544539,2.80876659661812,11629553,17.004,987000.0
,Saint Kitts and Nevis,100.0,208.8,1466527,112.09980106408001,27377.0996006325,6.8,88.0,22.8,93.1491330307737,91,80,4.5,1323.09994742,53.37647924,59.3289985656738,7443,93.74,192.135,7.7,74.3531707317073,84.71491999999999,71.61814,70.6456597134001,9.95405953046395,54288,30.826999999999998,122000.0
,Saint Lucia,100.0,290.501639344262,1466527,81.9371119220288,12768.5582729708,9.8,81.9,19.0,90.9080976135017,91,87,9.1,675.11910946,52.25357081,67.14700317382811,12771,107.804,164.983,7.472,75.3,83.26079,74.46046,70.8610317935059,9.394715754545562,177206,18.515,345000.0
,Saint Vincent and the Grenadines,100.0,280.653846153846,935604,92.08706988342341,11152.72034416,14.0,79.4,22.3,87.1843449007354,67,87,7.4,390.07534847,20.87663761,68.44400024414061,4577,128.255,181.392,7.115,73.06,80.35665999999999,73.76823,68.14215887807771,7.328125713763651,109455,50.964,75000.0
,San Marino,11.9849547773209,549.333333333333,4134980,96.72450276061409,60262.5351695277,4.5,89.9,9.3,100.0,100,87,0.0,3564.17997509,18.92069102,77.0189971923828,4717,43.185,67.533,7.1,82.4682926829268,93.44655,90.27377,65.9729350811372,13.714143827424,32960,96.73899999999999,54000.0
,Saudi Arabia,100.0,14.679858026041,33431736,72.07499600255291,54172.1039657762,10.8,72.6,16.5,100.0,72,87,12.0,3252.42623398,14.38336618,55.6319999694824,10185945,78.452,97.49600000000001,3.54,74.4,84.90394,80.61986,70.94817262297249,3.05330228869888,31557144,83.18,17994000.0
,Senegal,100.0,77.7904430478367,115355,58.11033767420171,3120.59197082328,46.2,41.6,18.4,48.3581363309709,86,68,130.0,136.67573475,53.52383996,46.226001739502,263242,155.623,224.43200000000002,6.071000000000001,66.78399999999999,73.88664,64.68221,53.9449304713616,2.99474647582819,14976994,45.861999999999995,1006600.0
,Serbia,100.0,81.12717813857759,2427047,103.10003952547899,13992.7265774361,2.6,94.3,20.1,94.64288939243971,89,87,21.0,1303.44905906,40.58773461,52.0089988708496,807441,77.765,150.34,14.6,75.2878048780488,86.96539,75.67789,67.02718702831679,16.3052801402735,7095383,55.696000000000005,1132000.0
,Seychelles,100.0,203.08478260869597,497496,172.046292878128,26546.403587499502,12.1,80.5,21.3,100.0,88,87,9.8,867.69391688,2.48362945,58.1279983520508,12791,90.34,234.91,7.5,74.2951219512195,86.01028000000001,65.62746,70.0507776663609,8.2044334449873,93419,55.4,276000.0
,Sierra Leone,100.0,100.26357716819099,642893,66.8026117984293,1403.62306511832,61.8,30.0,30.0,14.535885012615099,88,53,307.0,286.07070441,36.69626419,58.2960014343262,91213,392.94599999999997,402.795,13.027999999999999,51.423,43.037290000000006,41.48676,54.7648239435403,2.50187058908875,7237025,40.829,24000.0
,Singapore,100.0,7806.772751591121,33585397,329.047899699957,87298.1682640793,21.5,75.0,10.0,100.0,79,87,45.0,3696.75305446,31.98898334,68.90000152587889,2543638,39.135,64.706,4.8,82.74390243902441,93.52881,89.33618,72.8109527606823,11.686149634832098,5535002,100.0,12051000.0
,Slovakia,100.0,112.80314420534401,11098,183.118713958796,29691.5230297998,4.7,89.4,17.7,98.92817620268292,86,87,6.5,2028.35529699,18.44357352,59.601001739502,177190,52.943999999999996,112.133,9.9,76.5634146341463,89.23572,75.54738,70.65913410468,14.057295418285902,5423801,53.888999999999996,1721000.0
,Slovenia,99.79371470604471,102.446108744427,1045409,145.39663702532,31623.712100649103,4.7,88.4,13.1,99.10727079145849,81,87,7.2,2676.20868657,12.49877718,57.367000579834006,235966,52.943999999999996,112.133,9.6,80.7756097560976,92.51196999999999,84.31895,67.2556907018934,18.0347100523041,2063531,53.781000000000006,2707000.0
,Somalia,100.0,22.170001912838302,4613169,76.22766202027209,6070.99212800771,66.7,23.8,21.9,16.1914157910323,84,37,274.0,215.72723891,72.07918382,46.1640014648438,25291,279.893,336.713,11.629000000000001,55.876000000000005,55.20686,48.703359999999996,50.6462803156341,2.6871335461441297,13908129,43.245,1255000.0
,South Africa,100.0,45.5788317437288,18882898,61.600148412835104,13219.141414727701,39.8,50.8,26.6,73.1288243746002,81,68,759.0,1079.63902132,7.69854693,54.648998260498,3142511,289.031,413.754,10.102,61.981,61.858380000000004,45.72087,65.5734829532172,5.0812402872246,55291225,64.828,8904000.0
,Spain,55.1527248746452,92.9526830143124,60564041,63.5372954174432,35028.301349761,5.2,91.4,10.1,99.904360213099,79,87,10.0,3175.13388298,23.78245662,58.340999603271506,5852953,38.806999999999995,76.998,9.1,82.8317073170732,94.09783,87.58709,66.2145620089839,18.877525816817,46444832,79.602,68175000.0
,Sri Lanka,100.0,334.332642321799,4911730,49.5587965929996,11832.9518080434,7.6,82.5,17.6,94.20667369158708,85,69,65.0,463.7359234,48.93215272,53.5289993286133,38706,74.05199999999999,198.02700000000002,6.814,75.08800000000001,87.63841,72.76061999999999,66.1259561147898,9.29896823603701,20966000,18.256,1798000.0
,Sudan,100.0,22.127396464646502,496177,19.1008041102885,4582.04810791071,36.6,51.0,26.0,34.5861045382774,79,55,88.0,288.41358345,63.22554348,47.2190017700195,503477,194.43,251.674,7.522,64.257,68.00191,61.199659999999994,55.05669494330629,3.45567120594151,38647803,33.894,741000.0
,Suriname,100.0,3.54620512820513,259682,53.9379181016125,15638.8469894274,13.7,75.3,21.8,79.21919842685409,76,80,33.0,1054.42691672,20.23735586,52.0260009765625,46836,119.20100000000001,221.05700000000002,7.254,71.279,80.24375,67.19126,66.378649621842,6.67976601929112,553208,66.056,228000.0
,Sweden,3.55514624121341,24.058299575262104,131512994,86.2062580342508,48436.975119620496,5.8,89.1,9.3,99.3035336149085,87,87,9.2,5299.96677265,15.48625861,63.981998443603494,1639771,39.95,66.933,9.3,82.2048780487805,93.22958,89.43213,63.1051772585116,19.5977493876468,9799186,86.553,6482000.0
,Switzerland,72.3111073443463,209.596006562314,27011762,112.730195008571,63938.9799757284,4.5,89.5,8.7,99.89104202907221,73,87,7.3,7611.30984866,29.07631762,68.21099853515629,2438702,36.484,62.284,8.2,82.89756097560979,93.73252,89.74086,67.218645133056,17.996581395469,8282396,73.718,9305000.0
,Syria,100.0,102.025741981158,17902,34.845942960022896,10783.0653924773,5.0,42.5,21.8,92.9471529445262,91,80,19.0,496.97821179,61.95896546,41.6119995117188,875189,81.532,274.681,5.5889999999999995,69.904,86.02041,64.31185,57.868094597557004,4.04024299563165,18734987,52.168,9139000.0
,Taiwan*,100.0,16.7405040012764,5400896,59.695129120419395,14657.7828926501,15.3,75.0,14.4,87.4876863565245,90,80,74.0,1020.54641371,28.20843254,41.4620018005371,242391,84.44,107.191,4.773,75.86,85.06557,81.0472,65.4771996698998,5.869785075706151,39871528,70.848,1710000.0
,Tanzania,100.0,60.8263230977647,1312807,40.7576802266506,2666.83996709918,57.2,31.8,17.9,23.5340659681287,90,37,306.0,97.59082965,25.82907323,83.3970031738281,261222,211.158,268.176,7.015,64.95,68.26041,61.068659999999994,51.69699003286139,3.1103161422344905,53879957,31.616999999999997,1104000.0
,Thailand,100.0,134.388224471021,56447637,125.89192687542801,16289.1328640694,16.1,73.6,14.6,95.0112971742745,79,55,163.0,598.18946283,12.50940436,69.068000793457,3913258,93.756,204.02200000000002,7.75,75.10300000000001,85.53583,72.27456,71.44337262007409,10.5647357320967,68657600,47.693999999999996,29923000.0
,Timor-Leste,100.0,83.45507733692,115355,129.390542455869,7901.602647876441,47.0,43.9,19.9,44.011055964692794,87,54,498.0,138.0459775,8.2978889,39.3139991760254,10834,124.929,174.544,5.635,68.569,76.54978,69.38016,52.5471463210035,3.4565507660496495,1240977,29.49,62000.0
,Togo,100.0,136.363338849053,420875,107.41585547563601,1547.2093249719298,53.1,36.4,23.5,13.948482308155599,86,68,52.0,91.80855556,54.534586,77.96099853515629,276844,255.415,288.003,8.827,59.949,59.83889,55.33099,55.180413337176894,2.7892614633638595,7416802,40.1,273000.0
,Trinidad and Tobago,100.0,265.12514619883,2617843,96.0094604243733,33667.7503179868,9.1,80.5,21.5,92.1465186816669,63,87,17.0,2145.3387462,41.30602091,61.9560012817383,49883,122.11399999999999,215.315,9.491,70.556,79.33561,66.51225,69.8082923802213,9.41178979069063,1360092,53.318999999999996,440000.0
,Tunisia,100.0,72.56475926879509,3496190,91.05897363198191,11497.792228857199,7.9,85.5,16.4,93.12782840139,91,80,38.0,802.07083072,39.56750809,46.957000732421896,56701,70.65,112.036,6.357,75.525,87.16133,80.28619,68.6982427447481,7.60962210944608,11273661,68.056,5359000.0
,Turkey,100.0,101.700131231891,96604665,49.299876167715794,25710.016115156403,4.6,88.8,16.4,96.3726935097639,87,87,18.0,1028.21421935,16.94832914,51.0069999694824,2964916,71.53,140.118,5.814,75.498,87.98314,78.35422,66.6147942126347,7.80175438632354,78271472,73.611,39478000.0
Alabama,US,8.46530650743068,35.0637308661896,798222000,27.726141134863802,56803.470612717596,5.4,88.2,14.3,99.9695508558175,83,87,3.3,9524.35059046,11.13559489,62.016998291015604,46627102,80.289,134.102,8.44,78.69024390243901,88.42826,81.37208000000001,66.146796271107,14.640343414521197,320742673,81.671,77774000.0
Alaska,US,8.46530650743068,35.0637308661896,798222000,27.726141134863802,56803.470612717596,5.4,88.2,14.3,99.9695508558175,83,87,3.3,9524.35059046,11.13559489,62.016998291015604,46627102,80.289,134.102,8.44,78.69024390243901,88.42826,81.37208000000001,66.146796271107,14.640343414521197,320742673,81.671,77774000.0
Arizona,US,8.46530650743068,35.0637308661896,798222000,27.726141134863802,56803.470612717596,5.4,88.2,14.3,99.9695508558175,83,87,3.3,9524.35059046,11.13559489,62.016998291015604,46627102,80.289,134.102,8.44,78.69024390243901,88.42826,81.37208000000001,66.146796271107,14.640343414521197,320742673,81.671,77774000.0
Arkansas,US,8.46530650743068,35.0637308661896,798222000,27.726141134863802,56803.470612717596,5.4,88.2,14.3,99.9695508558175,83,87,3.3,9524.35059046,11.13559489,62.016998291015604,46627102,80.289,134.102,8.44,78.69024390243901,88.42826,81.37208000000001,66.146796271107,14.640343414521197,320742673,81.671,77774000.0
California,US,8.46530650743068,35.0637308661896,798222000,27.726141134863802,56803.470612717596,5.4,88.2,14.3,99.9695508558175,83,87,3.3,9524.35059046,11.13559489,62.016998291015604,46627102,80.289,134.102,8.44,78.69024390243901,88.42826,81.37208000000001,66.146796271107,14.640343414521197,320742673,81.671,77774000.0
Colorado,US,8.46530650743068,35.0637308661896,798222000,27.726141134863802,56803.470612717596,5.4,88.2,14.3,99.9695508558175,83,87,3.3,9524.35059046,11.13559489,62.016998291015604,46627102,80.289,134.102,8.44,78.69024390243901,88.42826,81.37208000000001,66.146796271107,14.640343414521197,320742673,81.671,77774000.0
Connecticut,US,8.46530650743068,35.0637308661896,798222000,27.726141134863802,56803.470612717596,5.4,88.2,14.3,99.9695508558175,83,87,3.3,9524.35059046,11.13559489,62.016998291015604,46627102,80.289,134.102,8.44,78.69024390243901,88.42826,81.37208000000001,66.146796271107,14.640343414521197,320742673,81.671,77774000.0
Delaware,US,8.46530650743068,35.0637308661896,798222000,27.726141134863802,56803.470612717596,5.4,88.2,14.3,99.9695508558175,83,87,3.3,9524.35059046,11.13559489,62.016998291015604,46627102,80.289,134.102,8.44,78.69024390243901,88.42826,81.37208000000001,66.146796271107,14.640343414521197,320742673,81.671,77774000.0
District of Columbia,US,8.46530650743068,35.0637308661896,798222000,27.726141134863802,56803.470612717596,5.4,88.2,14.3,99.9695508558175,83,87,3.3,9524.35059046,11.13559489,62.016998291015604,46627102,80.289,134.102,8.44,78.69024390243901,88.42826,81.37208000000001,66.146796271107,14.640343414521197,320742673,81.671,77774000.0
Florida,US,8.46530650743068,35.0637308661896,798222000,27.726141134863802,56803.470612717596,5.4,88.2,14.3,99.9695508558175,83,87,3.3,9524.35059046,11.13559489,62.016998291015604,46627102,80.289,134.102,8.44,78.69024390243901,88.42826,81.37208000000001,66.146796271107,14.640343414521197,320742673,81.671,77774000.0
Guam,US,8.46530650743068,35.0637308661896,798222000,27.726141134863802,56803.470612717596,5.4,88.2,14.3,99.9695508558175,83,87,3.3,9524.35059046,11.13559489,62.016998291015604,46627102,80.289,134.102,8.44,78.69024390243901,88.42826,81.37208000000001,66.146796271107,14.640343414521197,320742673,81.671,77774000.0
Hawaii,US,8.46530650743068,35.0637308661896,798222000,27.726141134863802,56803.470612717596,5.4,88.2,14.3,99.9695508558175,83,87,3.3,9524.35059046,11.13559489,62.016998291015604,46627102,80.289,134.102,8.44,78.69024390243901,88.42826,81.37208000000001,66.146796271107,14.640343414521197,320742673,81.671,77774000.0
Idaho,US,8.46530650743068,35.0637308661896,798222000,27.726141134863802,56803.470612717596,5.4,88.2,14.3,99.9695508558175,83,87,3.3,9524.35059046,11.13559489,62.016998291015604,46627102,80.289,134.102,8.44,78.69024390243901,88.42826,81.37208000000001,66.146796271107,14.640343414521197,320742673,81.671,77774000.0
Illinois,US,8.46530650743068,35.0637308661896,798222000,27.726141134863802,56803.470612717596,5.4,88.2,14.3,99.9695508558175,83,87,3.3,9524.35059046,11.13559489,62.016998291015604,46627102,80.289,134.102,8.44,78.69024390243901,88.42826,81.37208000000001,66.146796271107,14.640343414521197,320742673,81.671,77774000.0
Indiana,US,8.46530650743068,35.0637308661896,798222000,27.726141134863802,56803.470612717596,5.4,88.2,14.3,99.9695508558175,83,87,3.3,9524.35059046,11.13559489,62.016998291015604,46627102,80.289,134.102,8.44,78.69024390243901,88.42826,81.37208000000001,66.146796271107,14.640343414521197,320742673,81.671,77774000.0
Iowa,US,8.46530650743068,35.0637308661896,798222000,27.726141134863802,56803.470612717596,5.4,88.2,14.3,99.9695508558175,83,87,3.3,9524.35059046,11.13559489,62.016998291015604,46627102,80.289,134.102,8.44,78.69024390243901,88.42826,81.37208000000001,66.146796271107,14.640343414521197,320742673,81.671,77774000.0
Kansas,US,8.46530650743068,35.0637308661896,798222000,27.726141134863802,56803.470612717596,5.4,88.2,14.3,99.9695508558175,83,87,3.3,9524.35059046,11.13559489,62.016998291015604,46627102,80.289,134.102,8.44,78.69024390243901,88.42826,81.37208000000001,66.146796271107,14.640343414521197,320742673,81.671,77774000.0
Kentucky,US,8.46530650743068,35.0637308661896,798222000,27.726141134863802,56803.470612717596,5.4,88.2,14.3,99.9695508558175,83,87,3.3,9524.35059046,11.13559489,62.016998291015604,46627102,80.289,134.102,8.44,78.69024390243901,88.42826,81.37208000000001,66.146796271107,14.640343414521197,320742673,81.671,77774000.0
Louisiana,US,8.46530650743068,35.0637308661896,798222000,27.726141134863802,56803.470612717596,5.4,88.2,14.3,99.9695508558175,83,87,3.3,9524.35059046,11.13559489,62.016998291015604,46627102,80.289,134.102,8.44,78.69024390243901,88.42826,81.37208000000001,66.146796271107,14.640343414521197,320742673,81.671,77774000.0
Maine,US,8.46530650743068,35.0637308661896,798222000,27.726141134863802,56803.470612717596,5.4,88.2,14.3,99.9695508558175,83,87,3.3,9524.35059046,11.13559489,62.016998291015604,46627102,80.289,134.102,8.44,78.69024390243901,88.42826,81.37208000000001,66.146796271107,14.640343414521197,320742673,81.671,77774000.0
Maryland,US,8.46530650743068,35.0637308661896,798222000,27.726141134863802,56803.470612717596,5.4,88.2,14.3,99.9695508558175,83,87,3.3,9524.35059046,11.13559489,62.016998291015604,46627102,80.289,134.102,8.44,78.69024390243901,88.42826,81.37208000000001,66.146796271107,14.640343414521197,320742673,81.671,77774000.0
Massachusetts,US,8.46530650743068,35.0637308661896,798222000,27.726141134863802,56803.470612717596,5.4,88.2,14.3,99.9695508558175,83,87,3.3,9524.35059046,11.13559489,62.016998291015604,46627102,80.289,134.102,8.44,78.69024390243901,88.42826,81.37208000000001,66.146796271107,14.640343414521197,320742673,81.671,77774000.0
Michigan,US,8.46530650743068,35.0637308661896,798222000,27.726141134863802,56803.470612717596,5.4,88.2,14.3,99.9695508558175,83,87,3.3,9524.35059046,11.13559489,62.016998291015604,46627102,80.289,134.102,8.44,78.69024390243901,88.42826,81.37208000000001,66.146796271107,14.640343414521197,320742673,81.671,77774000.0
Minnesota,US,8.46530650743068,35.0637308661896,798222000,27.726141134863802,56803.470612717596,5.4,88.2,14.3,99.9695508558175,83,87,3.3,9524.35059046,11.13559489,62.016998291015604,46627102,80.289,134.102,8.44,78.69024390243901,88.42826,81.37208000000001,66.146796271107,14.640343414521197,320742673,81.671,77774000.0
Mississippi,US,8.46530650743068,35.0637308661896,798222000,27.726141134863802,56803.470612717596,5.4,88.2,14.3,99.9695508558175,83,87,3.3,9524.35059046,11.13559489,62.016998291015604,46627102,80.289,134.102,8.44,78.69024390243901,88.42826,81.37208000000001,66.146796271107,14.640343414521197,320742673,81.671,77774000.0
Missouri,US,8.46530650743068,35.0637308661896,798222000,27.726141134863802,56803.470612717596,5.4,88.2,14.3,99.9695508558175,83,87,3.3,9524.35059046,11.13559489,62.016998291015604,46627102,80.289,134.102,8.44,78.69024390243901,88.42826,81.37208000000001,66.146796271107,14.640343414521197,320742673,81.671,77774000.0
Montana,US,8.46530650743068,35.0637308661896,798222000,27.726141134863802,56803.470612717596,5.4,88.2,14.3,99.9695508558175,83,87,3.3,9524.35059046,11.13559489,62.016998291015604,46627102,80.289,134.102,8.44,78.69024390243901,88.42826,81.37208000000001,66.146796271107,14.640343414521197,320742673,81.671,77774000.0
Nebraska,US,8.46530650743068,35.0637308661896,798222000,27.726141134863802,56803.470612717596,5.4,88.2,14.3,99.9695508558175,83,87,3.3,9524.35059046,11.13559489,62.016998291015604,46627102,80.289,134.102,8.44,78.69024390243901,88.42826,81.37208000000001,66.146796271107,14.640343414521197,320742673,81.671,77774000.0
Nevada,US,8.46530650743068,35.0637308661896,798222000,27.726141134863802,56803.470612717596,5.4,88.2,14.3,99.9695508558175,83,87,3.3,9524.35059046,11.13559489,62.016998291015604,46627102,80.289,134.102,8.44,78.69024390243901,88.42826,81.37208000000001,66.146796271107,14.640343414521197,320742673,81.671,77774000.0
New Hampshire,US,8.46530650743068,35.0637308661896,798222000,27.726141134863802,56803.470612717596,5.4,88.2,14.3,99.9695508558175,83,87,3.3,9524.35059046,11.13559489,62.016998291015604,46627102,80.289,134.102,8.44,78.69024390243901,88.42826,81.37208000000001,66.146796271107,14.640343414521197,320742673,81.671,77774000.0
New Jersey,US,8.46530650743068,35.0637308661896,798222000,27.726141134863802,56803.470612717596,5.4,88.2,14.3,99.9695508558175,83,87,3.3,9524.35059046,11.13559489,62.016998291015604,46627102,80.289,134.102,8.44,78.69024390243901,88.42826,81.37208000000001,66.146796271107,14.640343414521197,320742673,81.671,77774000.0
New Mexico,US,8.46530650743068,35.0637308661896,798222000,27.726141134863802,56803.470612717596,5.4,88.2,14.3,99.9695508558175,83,87,3.3,9524.35059046,11.13559489,62.016998291015604,46627102,80.289,134.102,8.44,78.69024390243901,88.42826,81.37208000000001,66.146796271107,14.640343414521197,320742673,81.671,77774000.0
New York,US,8.46530650743068,35.0637308661896,798222000,27.726141134863802,56803.470612717596,5.4,88.2,14.3,99.9695508558175,83,87,3.3,9524.35059046,11.13559489,62.016998291015604,46627102,80.289,134.102,8.44,78.69024390243901,88.42826,81.37208000000001,66.146796271107,14.640343414521197,320742673,81.671,77774000.0
North Carolina,US,8.46530650743068,35.0637308661896,798222000,27.726141134863802,56803.470612717596,5.4,88.2,14.3,99.9695508558175,83,87,3.3,9524.35059046,11.13559489,62.016998291015604,46627102,80.289,134.102,8.44,78.69024390243901,88.42826,81.37208000000001,66.146796271107,14.640343414521197,320742673,81.671,77774000.0
North Dakota,US,8.46530650743068,35.0637308661896,798222000,27.726141134863802,56803.470612717596,5.4,88.2,14.3,99.9695508558175,83,87,3.3,9524.35059046,11.13559489,62.016998291015604,46627102,80.289,134.102,8.44,78.69024390243901,88.42826,81.37208000000001,66.146796271107,14.640343414521197,320742673,81.671,77774000.0
Ohio,US,8.46530650743068,35.0637308661896,798222000,27.726141134863802,56803.470612717596,5.4,88.2,14.3,99.9695508558175,83,87,3.3,9524.35059046,11.13559489,62.016998291015604,46627102,80.289,134.102,8.44,78.69024390243901,88.42826,81.37208000000001,66.146796271107,14.640343414521197,320742673,81.671,77774000.0
Oklahoma,US,8.46530650743068,35.0637308661896,798222000,27.726141134863802,56803.470612717596,5.4,88.2,14.3,99.9695508558175,83,87,3.3,9524.35059046,11.13559489,62.016998291015604,46627102,80.289,134.102,8.44,78.69024390243901,88.42826,81.37208000000001,66.146796271107,14.640343414521197,320742673,81.671,77774000.0
Oregon,US,8.46530650743068,35.0637308661896,798222000,27.726141134863802,56803.470612717596,5.4,88.2,14.3,99.9695508558175,83,87,3.3,9524.35059046,11.13559489,62.016998291015604,46627102,80.289,134.102,8.44,78.69024390243901,88.42826,81.37208000000001,66.146796271107,14.640343414521197,320742673,81.671,77774000.0
Pennsylvania,US,8.46530650743068,35.0637308661896,798222000,27.726141134863802,56803.470612717596,5.4,88.2,14.3,99.9695508558175,83,87,3.3,9524.35059046,11.13559489,62.016998291015604,46627102,80.289,134.102,8.44,78.69024390243901,88.42826,81.37208000000001,66.146796271107,14.640343414521197,320742673,81.671,77774000.0
Puerto Rico,US,8.46530650743068,35.0637308661896,798222000,27.726141134863802,56803.470612717596,5.4,88.2,14.3,99.9695508558175,83,87,3.3,9524.35059046,11.13559489,62.016998291015604,46627102,80.289,134.102,8.44,78.69024390243901,88.42826,81.37208000000001,66.146796271107,14.640343414521197,320742673,81.671,77774000.0
Rhode Island,US,8.46530650743068,35.0637308661896,798222000,27.726141134863802,56803.470612717596,5.4,88.2,14.3,99.9695508558175,83,87,3.3,9524.35059046,11.13559489,62.016998291015604,46627102,80.289,134.102,8.44,78.69024390243901,88.42826,81.37208000000001,66.146796271107,14.640343414521197,320742673,81.671,77774000.0
South Carolina,US,8.46530650743068,35.0637308661896,798222000,27.726141134863802,56803.470612717596,5.4,88.2,14.3,99.9695508558175,83,87,3.3,9524.35059046,11.13559489,62.016998291015604,46627102,80.289,134.102,8.44,78.69024390243901,88.42826,81.37208000000001,66.146796271107,14.640343414521197,320742673,81.671,77774000.0
South Dakota,US,8.46530650743068,35.0637308661896,798222000,27.726141134863802,56803.470612717596,5.4,88.2,14.3,99.9695508558175,83,87,3.3,9524.35059046,11.13559489,62.016998291015604,46627102,80.289,134.102,8.44,78.69024390243901,88.42826,81.37208000000001,66.146796271107,14.640343414521197,320742673,81.671,77774000.0
Tennessee,US,8.46530650743068,35.0637308661896,798222000,27.726141134863802,56803.470612717596,5.4,88.2,14.3,99.9695508558175,83,87,3.3,9524.35059046,11.13559489,62.016998291015604,46627102,80.289,134.102,8.44,78.69024390243901,88.42826,81.37208000000001,66.146796271107,14.640343414521197,320742673,81.671,77774000.0
Texas,US,8.46530650743068,35.0637308661896,798222000,27.726141134863802,56803.470612717596,5.4,88.2,14.3,99.9695508558175,83,87,3.3,9524.35059046,11.13559489,62.016998291015604,46627102,80.289,134.102,8.44,78.69024390243901,88.42826,81.37208000000001,66.146796271107,14.640343414521197,320742673,81.671,77774000.0
Utah,US,8.46530650743068,35.0637308661896,798222000,27.726141134863802,56803.470612717596,5.4,88.2,14.3,99.9695508558175,83,87,3.3,9524.35059046,11.13559489,62.016998291015604,46627102,80.289,134.102,8.44,78.69024390243901,88.42826,81.37208000000001,66.146796271107,14.640343414521197,320742673,81.671,77774000.0
Vermont,US,8.46530650743068,35.0637308661896,798222000,27.726141134863802,56803.470612717596,5.4,88.2,14.3,99.9695508558175,83,87,3.3,9524.35059046,11.13559489,62.016998291015604,46627102,80.289,134.102,8.44,78.69024390243901,88.42826,81.37208000000001,66.146796271107,14.640343414521197,320742673,81.671,77774000.0
Virgin Islands,US,8.46530650743068,35.0637308661896,798222000,27.726141134863802,56803.470612717596,5.4,88.2,14.3,99.9695508558175,83,87,3.3,9524.35059046,11.13559489,62.016998291015604,46627102,80.289,134.102,8.44,78.69024390243901,88.42826,81.37208000000001,66.146796271107,14.640343414521197,320742673,81.671,77774000.0
Virginia,US,8.46530650743068,35.0637308661896,798222000,27.726141134863802,56803.470612717596,5.4,88.2,14.3,99.9695508558175,83,87,3.3,9524.35059046,11.13559489,62.016998291015604,46627102,80.289,134.102,8.44,78.69024390243901,88.42826,81.37208000000001,66.146796271107,14.640343414521197,320742673,81.671,77774000.0
Washington,US,8.46530650743068,35.0637308661896,798222000,27.726141134863802,56803.470612717596,5.4,88.2,14.3,99.9695508558175,83,87,3.3,9524.35059046,11.13559489,62.016998291015604,46627102,80.289,134.102,8.44,78.69024390243901,88.42826,81.37208000000001,66.146796271107,14.640343414521197,320742673,81.671,77774000.0
West Virginia,US,8.46530650743068,35.0637308661896,798222000,27.726141134863802,56803.470612717596,5.4,88.2,14.3,99.9695508558175,83,87,3.3,9524.35059046,11.13559489,62.016998291015604,46627102,80.289,134.102,8.44,78.69024390243901,88.42826,81.37208000000001,66.146796271107,14.640343414521197,320742673,81.671,77774000.0
Wisconsin,US,8.46530650743068,35.0637308661896,798222000,27.726141134863802,56803.470612717596,5.4,88.2,14.3,99.9695508558175,83,87,3.3,9524.35059046,11.13559489,62.016998291015604,46627102,80.289,134.102,8.44,78.69024390243901,88.42826,81.37208000000001,66.146796271107,14.640343414521197,320742673,81.671,77774000.0
Wyoming,US,8.46530650743068,35.0637308661896,798222000,27.726141134863802,56803.470612717596,5.4,88.2,14.3,99.9695508558175,83,87,3.3,9524.35059046,11.13559489,62.016998291015604,46627102,80.289,134.102,8.44,78.69024390243901,88.42826,81.37208000000001,66.146796271107,14.640343414521197,320742673,81.671,77774000.0
,Uganda,100.0,200.20382006782398,41812,47.6644212960542,1779.20752971816,55.7,31.9,21.9,19.150954594102103,75,52,202.0,119.95852441,40.70306305,71.0139999389648,749471,271.842,351.601,8.874,59.575,59.70856,50.67345,49.597589928675795,2.1746788568502,40144870,22.06,1303000.0
,Ukraine,100.0,77.9471922525851,4620530,107.806616298156,7972.434896343741,3.7,90.9,25.9,95.93784236296379,75,74,91.0,530.51424642,53.97620882,54.584999084472706,4834898,85.92,234.554,14.9,71.189512195122,83.57387,60.4007,69.0533328807052,15.8867146416663,45154029,69.061,12428000.0
,United Arab Emirates,100.0,128.897521824838,84343562,175.221307567909,71095.0451900209,6.6,75.7,17.0,99.97720052304831,85,87,0.79,2518.95346763,17.78964985,84.13800048828129,8095126,56.638999999999996,80.514,1.555,77.101,87.51007,84.12873,85.1916071809735,1.0218583568687198,9154302,85.67399999999999,1909000.0
Anguilla,United Kingdom,71.9634942035637,269.205394122267,131512994,56.239163768653405,42042.9193193389,8.0,88.6,11.2,99.11270946840521,79,89,10.0,4087.72853404,14.9341054,62.2400016784668,8543120,54.153,84.738,9.2,80.95609756097559,91.5829,87.41811,64.2938109774932,18.121515517206603,65128861,82.626,34436000.0
Bermuda,United Kingdom,71.9634942035637,269.205394122267,131512994,56.239163768653405,42042.9193193389,8.0,88.6,11.2,99.11270946840521,79,89,10.0,4087.72853404,14.9341054,62.2400016784668,8543120,54.153,84.738,9.2,80.95609756097559,91.5829,87.41811,64.2938109774932,18.121515517206603,65128861,82.626,34436000.0
British Virgin Islands,United Kingdom,71.9634942035637,269.205394122267,131512994,56.239163768653405,42042.9193193389,8.0,88.6,11.2,99.11270946840521,79,89,10.0,4087.72853404,14.9341054,62.2400016784668,8543120,54.153,84.738,9.2,80.95609756097559,91.5829,87.41811,64.2938109774932,18.121515517206603,65128861,82.626,34436000.0
Cayman Islands,United Kingdom,71.9634942035637,269.205394122267,131512994,56.239163768653405,42042.9193193389,8.0,88.6,11.2,99.11270946840521,79,89,10.0,4087.72853404,14.9341054,62.2400016784668,8543120,54.153,84.738,9.2,80.95609756097559,91.5829,87.41811,64.2938109774932,18.121515517206603,65128861,82.626,34436000.0
Channel Islands,United Kingdom,71.9634942035637,269.205394122267,131512994,56.239163768653405,42042.9193193389,8.0,88.6,11.2,99.11270946840521,79,89,10.0,4087.72853404,14.9341054,62.2400016784668,8543120,54.153,84.738,9.2,80.95609756097559,91.5829,87.41811,64.2938109774932,18.121515517206603,65128861,82.626,34436000.0
Gibraltar,United Kingdom,71.9634942035637,269.205394122267,131512994,56.239163768653405,42042.9193193389,8.0,88.6,11.2,99.11270946840521,79,89,10.0,4087.72853404,14.9341054,62.2400016784668,8543120,54.153,84.738,9.2,80.95609756097559,91.5829,87.41811,64.2938109774932,18.121515517206603,65128861,82.626,34436000.0
Isle of Man,United Kingdom,71.9634942035637,269.205394122267,131512994,56.239163768653405,42042.9193193389,8.0,88.6,11.2,99.11270946840521,79,89,10.0,4087.72853404,14.9341054,62.2400016784668,8543120,54.153,84.738,9.2,80.95609756097559,91.5829,87.41811,64.2938109774932,18.121515517206603,65128861,82.626,34436000.0
Montserrat,United Kingdom,71.9634942035637,269.205394122267,131512994,56.239163768653405,42042.9193193389,8.0,88.6,11.2,99.11270946840521,79,89,10.0,4087.72853404,14.9341054,62.2400016784668,8543120,54.153,84.738,9.2,80.95609756097559,91.5829,87.41811,64.2938109774932,18.121515517206603,65128861,82.626,34436000.0
Turks and Caicos Islands,United Kingdom,71.9634942035637,269.205394122267,131512994,56.239163768653405,42042.9193193389,8.0,88.6,11.2,99.11270946840521,79,89,10.0,4087.72853404,14.9341054,62.2400016784668,8543120,54.153,84.738,9.2,80.95609756097559,91.5829,87.41811,64.2938109774932,18.121515517206603,65128861,82.626,34436000.0
,United Kingdom,71.9634942035637,269.205394122267,131512994,56.239163768653405,42042.9193193389,8.0,88.6,11.2,99.11270946840521,79,89,10.0,4087.72853404,14.9341054,62.2400016784668,8543120,54.153,84.738,9.2,80.95609756097559,91.5829,87.41811,64.2938109774932,18.121515517206603,65128861,82.626,34436000.0
,Uruguay,26.4441570195712,19.606627813964103,131512994,45.328240807689504,21179.6631789069,7.2,85.5,17.1,95.6749108950545,77,87,30.0,1902.3523785,16.9207073,64.947998046875,71799,76.36399999999999,135.006,9.352,77.34100000000001,87.14542,78.44489,64.1504485433996,14.4346056827931,3431552,95.045,2773000.0
,Uzbekistan,100.0,73.575223319229,2486673,49.3240984283064,6087.759799438079,11.0,83.0,24.8,100.0,89,66,79.0,373.85723913,48.4617076,65.177001953125,1170899,102.609,181.017,4.9,71.192,80.74213,69.30365,67.7138196671548,4.23151830895259,31298900,50.75,1918000.0
,Venezuela,99.9950831613335,35.3212788390681,7086072,53.9379181016125,14306.6222852352,11.5,69.1,18.2,94.9343895728997,83,80,29.0,939.99701085,28.24469172,63.854000091552706,1404448,89.99799999999999,193.11,5.567,74.367,84.54555,71.9725,65.5503198927021,6.25752725056487,31155134,88.154,789000.0
,Vietnam,100.0,301.775621633825,29944771,178.76741471577202,5932.49847879324,12.0,76.6,17.3,78.2374478111703,92,79,137.0,334.36222153,43.47938613,77.8450012207031,72793,66.435,182.65900000000002,5.806,76.05199999999999,87.88859000000001,72.77265,70.1617319286745,6.74454773211183,93571567,33.809,7944000.0
,West Bank and Gaza,100.0,734.575249169435,3065145,77.92708908703541,5033.94125420344,11.1,77.9,19.4,95.95164871147541,85,80,1.1,568.22455458,25.14934289,45.439998626709006,255507,95.39299999999999,136.67700000000002,3.514,73.29899999999999,83.62566,76.53141,56.8944884753728,2.97382478311706,4422143,75.368,432000.0
,Zambia,100.0,21.658331427649003,203617,79.8651551332171,3873.7930608802703,61.6,28.3,18.0,31.111809882101397,85,58,391.0,171.30477709,12.24053941,75.2330017089844,127915,255.312,350.332,7.997999999999999,61.397,62.595130000000005,51.9836,52.1198140167188,2.5020951099484803,16100587,41.907,932000.0
,Zimbabwe,100.0,40.7844151479902,370165,56.7488111052137,2346.22212654095,56.5,31.7,19.4,38.588618819863896,81,71,242.0,185.79602565,25.78641758,83.21099853515629,398866,339.49300000000005,396.789,8.402000000000001,60.398,55.99678,48.79449,55.7058488091644,2.82359298723222,15777451,32.385,2057000.0
